Datetime,Close,High,Low,Open,Volume
2025-04-08 04:00:00+00:00,5147.60009765625,5159.0,5123.0,5126.75,19237
2025-04-08 04:15:00+00:00,5152.85009765625,5166.89990234375,5145.60009765625,5145.60009765625,9843
2025-04-08 04:30:00+00:00,5181.2998046875,5191.9501953125,5155.0,5155.0,12993
2025-04-08 04:45:00+00:00,5186.75,5208.60009765625,5180.2001953125,5182.75,22815
2025-04-08 05:00:00+00:00,5169.0498046875,5193.0,5165.0,5186.9501953125,12758
2025-04-08 05:15:00+00:00,5172.0498046875,5180.0,5158.75,5169.85009765625,27003
2025-04-08 05:30:00+00:00,5183.7998046875,5198.0,5170.85009765625,5173.89990234375,13440
2025-04-08 05:45:00+00:00,5182.39990234375,5185.0,5165.25,5183.0,15195
2025-04-08 06:00:00+00:00,5209.0,5222.89990234375,5179.75,5185.85009765625,13942
2025-04-08 06:15:00+00:00,5211.5498046875,5220.0,5209.0,5209.0,2612
2025-04-08 06:30:00+00:00,5225.0,5227.9501953125,5215.0,5215.10009765625,16900
2025-04-08 06:45:00+00:00,5224.25,5225.5,5216.14990234375,5225.0,4445
2025-04-08 07:00:00+00:00,5226.10009765625,5230.0,5216.0498046875,5224.10009765625,7021
2025-04-08 07:15:00+00:00,5245.0,5245.0,5220.7998046875,5227.10009765625,6429
2025-04-08 07:30:00+00:00,5255.75,5262.9501953125,5230.85009765625,5245.7998046875,14773
2025-04-08 07:45:00+00:00,5259.7998046875,5268.0,5251.10009765625,5257.25,24162
2025-04-08 08:00:00+00:00,5243.39990234375,5262.0,5237.2001953125,5261.0,8107
2025-04-08 08:15:00+00:00,5247.9501953125,5249.9501953125,5234.5498046875,5243.75,10221
2025-04-08 08:30:00+00:00,5247.85009765625,5253.5498046875,5236.0,5251.25,6180
2025-04-08 08:45:00+00:00,5249.0498046875,5252.0,5240.35009765625,5247.85009765625,4572
2025-04-08 09:00:00+00:00,5241.0,5248.5,5236.0,5247.0,5299
2025-04-08 09:15:00+00:00,5241.60009765625,5247.60009765625,5234.5,5243.2001953125,9141
2025-04-08 09:30:00+00:00,5227.89990234375,5240.60009765625,5225.7001953125,5240.60009765625,32835
2025-04-08 09:45:00+00:00,5231.35009765625,5240.0498046875,5223.64990234375,5227.89990234375,34951
2025-04-09 03:45:00+00:00,5210.7998046875,5270.60009765625,5210.0,5270.60009765625,12264
2025-04-09 04:00:00+00:00,5222.0498046875,5222.0498046875,5194.25,5210.39990234375,25421
2025-04-09 04:15:00+00:00,5203.89990234375,5226.0498046875,5197.75,5221.5,11872
2025-04-09 04:30:00+00:00,5192.35009765625,5218.85009765625,5184.7001953125,5204.0498046875,8125
2025-04-09 04:45:00+00:00,5198.7998046875,5209.14990234375,5190.60009765625,5191.0,8648
2025-04-09 05:00:00+00:00,5200.7001953125,5202.0498046875,5198.7998046875,5198.7998046875,3429
2025-04-09 05:15:00+00:00,5233.25,5238.2998046875,5232.0,5232.0,35293
2025-04-09 05:30:00+00:00,5232.0,5233.39990234375,5215.0498046875,5233.2001953125,5378
2025-04-09 05:45:00+00:00,5278.0,5278.0,5232.0,5232.0,9579
2025-04-09 06:00:00+00:00,5268.14990234375,5288.5,5265.5498046875,5283.64990234375,10927
2025-04-09 06:15:00+00:00,5263.14990234375,5272.75,5257.0,5268.14990234375,9631
2025-04-09 06:30:00+00:00,5310.25,5314.0,5260.25,5264.60009765625,17701
2025-04-09 06:45:00+00:00,5314.2001953125,5323.14990234375,5307.0498046875,5313.39990234375,14388
2025-04-09 07:00:00+00:00,5300.60009765625,5319.10009765625,5297.14990234375,5312.2998046875,20191
2025-04-09 07:15:00+00:00,5301.64990234375,5310.5498046875,5295.7001953125,5300.60009765625,12656
2025-04-09 07:30:00+00:00,5288.0,5308.0,5280.0498046875,5299.5,27933
2025-04-09 07:45:00+00:00,5287.2998046875,5294.7001953125,5282.0498046875,5287.39990234375,13896
2025-04-09 08:00:00+00:00,5284.4501953125,5289.7001953125,5278.0498046875,5289.5,8819
2025-04-09 08:15:00+00:00,5272.14990234375,5288.89990234375,5271.2001953125,5283.10009765625,11388
2025-04-09 08:30:00+00:00,5261.75,5275.2998046875,5250.0,5275.2001953125,16726
2025-04-09 08:45:00+00:00,5267.60009765625,5273.0,5258.2998046875,5261.0,8393
2025-04-09 09:00:00+00:00,5260.64990234375,5271.64990234375,5259.7001953125,5267.60009765625,6933
2025-04-09 09:15:00+00:00,5263.35009765625,5273.2001953125,5258.39990234375,5261.39990234375,34019
2025-04-09 09:30:00+00:00,5254.4501953125,5264.85009765625,5251.5498046875,5263.25,81311
2025-04-09 09:45:00+00:00,5258.2998046875,5271.2001953125,5250.60009765625,5253.75,36187
2025-04-11 03:45:00+00:00,5356.64990234375,5390.0,5320.60009765625,5324.5,22732
2025-04-11 04:00:00+00:00,5388.25,5395.5,5353.5,5354.35009765625,21994
2025-04-11 04:15:00+00:00,5382.60009765625,5395.10009765625,5371.39990234375,5387.7998046875,17075
2025-04-11 04:30:00+00:00,5388.0498046875,5409.0,5380.7998046875,5384.4501953125,23832
2025-04-11 04:45:00+00:00,5371.7001953125,5396.0498046875,5362.75,5390.14990234375,15970
2025-04-11 05:00:00+00:00,5361.7998046875,5379.0,5352.89990234375,5371.7001953125,12357
2025-04-11 05:15:00+00:00,5345.39990234375,5371.10009765625,5341.5498046875,5362.25,15496
2025-04-11 05:30:00+00:00,5351.7998046875,5362.35009765625,5340.60009765625,5345.89990234375,19632
2025-04-11 05:45:00+00:00,5355.4501953125,5356.5498046875,5345.35009765625,5352.0498046875,21910
2025-04-11 06:00:00+00:00,5340.2998046875,5362.5498046875,5340.2998046875,5355.4501953125,15295
2025-04-11 06:15:00+00:00,5356.0,5366.39990234375,5335.0,5340.64990234375,16766
2025-04-11 06:30:00+00:00,5374.7998046875,5375.0,5355.0,5356.0,8933
2025-04-11 06:45:00+00:00,5355.75,5375.0,5348.39990234375,5374.89990234375,31845
2025-04-11 07:00:00+00:00,5362.2998046875,5363.7998046875,5349.35009765625,5355.85009765625,25692
2025-04-11 07:15:00+00:00,5363.25,5368.35009765625,5360.10009765625,5362.2998046875,4618
2025-04-11 07:30:00+00:00,5375.89990234375,5379.25,5362.0,5362.89990234375,8362
2025-04-11 07:45:00+00:00,5366.39990234375,5377.0,5365.5,5376.0,5814
2025-04-11 08:00:00+00:00,5366.0,5367.4501953125,5358.9501953125,5367.14990234375,6041
2025-04-11 08:15:00+00:00,5362.0498046875,5366.0,5356.5498046875,5366.0,7862
2025-04-11 08:30:00+00:00,5353.0498046875,5363.4501953125,5353.0498046875,5361.5,20036
2025-04-11 08:45:00+00:00,5342.75,5356.85009765625,5340.0498046875,5353.0498046875,10714
2025-04-11 09:00:00+00:00,5356.25,5357.0,5342.14990234375,5342.75,10160
2025-04-11 09:15:00+00:00,5359.5498046875,5364.14990234375,5351.10009765625,5354.64990234375,18156
2025-04-11 09:30:00+00:00,5352.75,5361.9501953125,5348.0,5360.0,48668
2025-04-11 09:45:00+00:00,5350.89990234375,5359.89990234375,5339.39990234375,5352.75,59352
2025-04-15 03:45:00+00:00,5429.5,5461.0,5409.5,5435.0,11040
2025-04-15 04:00:00+00:00,5448.0,5452.0,5431.0,5431.0,17911
2025-04-15 04:15:00+00:00,5453.0,5458.0,5443.5,5449.5,11887
2025-04-15 04:30:00+00:00,5450.5,5456.5,5446.5,5452.0,7678
2025-04-15 04:45:00+00:00,5452.5,5456.0,5444.5,5450.0,7519
2025-04-15 05:00:00+00:00,5463.0,5465.5,5450.0,5451.5,11581
2025-04-15 05:15:00+00:00,5464.0,5471.5,5461.5,5463.5,11766
2025-04-15 05:30:00+00:00,5471.5,5475.0,5457.5,5462.0,16102
2025-04-15 05:45:00+00:00,5475.0,5482.0,5469.5,5472.0,10485
2025-04-15 06:00:00+00:00,5463.5,5475.0,5460.5,5472.0,9855
2025-04-15 06:15:00+00:00,5473.0,5474.0,5460.0,5463.5,6391
2025-04-15 06:30:00+00:00,5487.0,5488.5,5468.5,5473.5,12965
2025-04-15 06:45:00+00:00,5482.0,5487.0,5479.5,5487.0,8133
2025-04-15 07:00:00+00:00,5491.5,5492.5,5478.0,5482.0,13834
2025-04-15 07:15:00+00:00,5513.0,5521.0,5492.0,5492.0,36879
2025-04-15 07:30:00+00:00,5506.5,5513.5,5504.5,5512.5,8382
2025-04-15 07:45:00+00:00,5518.5,5519.0,5501.0,5506.0,11471
2025-04-15 08:00:00+00:00,5518.0,5520.5,5514.0,5518.5,12483
2025-04-15 08:15:00+00:00,5512.5,5520.0,5509.5,5516.0,15104
2025-04-15 08:30:00+00:00,5511.5,5522.0,5503.0,5512.0,26223
2025-04-15 08:45:00+00:00,5509.5,5514.5,5509.0,5511.0,13280
2025-04-15 09:00:00+00:00,5502.5,5512.0,5501.5,5509.0,28940
2025-04-15 09:15:00+00:00,5505.5,5525.0,5501.0,5502.5,38904
2025-04-15 09:30:00+00:00,5528.0,5528.5,5503.5,5505.5,80288
2025-04-15 09:45:00+00:00,5529.0,5555.0,5525.5,5528.0,55124
2025-04-16 03:45:00+00:00,5578.0,5600.5,5540.0,5550.5,112331
2025-04-16 04:00:00+00:00,5577.5,5598.5,5563.5,5578.5,44771
2025-04-16 04:15:00+00:00,5584.5,5594.5,5577.0,5578.5,20709
2025-04-16 04:30:00+00:00,5619.0,5619.5,5582.5,5584.0,34301
2025-04-16 04:45:00+00:00,5602.0,5624.5,5582.5,5619.0,33587
2025-04-16 05:00:00+00:00,5595.5,5604.5,5589.0,5603.0,13353
2025-04-16 05:15:00+00:00,5580.0,5600.0,5576.5,5594.0,24757
2025-04-16 05:30:00+00:00,5596.5,5597.0,5573.0,5578.0,28911
2025-04-16 05:45:00+00:00,5619.0,5620.0,5588.0,5596.5,40923
2025-04-16 06:00:00+00:00,5619.5,5629.5,5613.0,5617.5,29589
2025-04-16 06:15:00+00:00,5616.0,5630.0,5614.0,5619.5,31405
2025-04-16 06:30:00+00:00,5622.5,5625.0,5608.5,5616.0,14320
2025-04-16 06:45:00+00:00,5617.0,5624.5,5611.0,5622.5,14351
2025-04-16 07:00:00+00:00,5629.0,5629.0,5615.5,5617.0,16610
2025-04-16 07:15:00+00:00,5622.5,5628.5,5619.0,5628.5,10599
2025-04-16 07:30:00+00:00,5606.5,5621.5,5603.0,5621.5,21389
2025-04-16 07:45:00+00:00,5587.5,5607.0,5585.0,5606.5,19854
2025-04-16 08:00:00+00:00,5597.5,5599.0,5583.5,5588.0,20523
2025-04-16 08:15:00+00:00,5608.0,5617.5,5595.0,5598.0,12690
2025-04-16 08:30:00+00:00,5610.0,5618.0,5601.5,5609.5,11038
2025-04-16 08:45:00+00:00,5598.0,5610.0,5593.0,5610.0,15205
2025-04-16 09:00:00+00:00,5600.0,5609.0,5598.5,5599.5,18754
2025-04-16 09:15:00+00:00,5609.0,5616.5,5600.0,5600.0,25466
2025-04-16 09:30:00+00:00,5615.0,5620.5,5609.0,5609.0,56363
2025-04-16 09:45:00+00:00,5600.0,5622.0,5600.0,5615.0,62554
2025-04-17 03:45:00+00:00,5603.5,5632.0,5580.0,5600.0,20729
2025-04-17 04:00:00+00:00,5632.0,5637.5,5597.0,5603.0,19828
2025-04-17 04:15:00+00:00,5637.0,5646.5,5632.0,5632.0,20420
2025-04-17 04:30:00+00:00,5622.0,5644.5,5619.0,5635.0,14310
2025-04-17 04:45:00+00:00,5638.0,5646.5,5621.5,5622.0,12341
2025-04-17 05:00:00+00:00,5643.5,5647.5,5638.0,5639.0,11349
2025-04-17 05:15:00+00:00,5632.0,5645.5,5631.0,5644.0,13928
2025-04-17 05:30:00+00:00,5638.5,5642.0,5626.5,5632.0,14724
2025-04-17 05:45:00+00:00,5645.0,5646.0,5631.5,5642.0,22026
2025-04-17 06:00:00+00:00,5665.5,5668.0,5644.5,5645.0,37958
2025-04-17 06:15:00+00:00,5653.5,5666.5,5646.5,5666.0,27671
2025-04-17 06:30:00+00:00,5660.0,5662.5,5646.5,5653.5,22590
2025-04-17 06:45:00+00:00,5662.5,5665.5,5656.5,5659.0,13293
2025-04-17 07:00:00+00:00,5674.5,5682.5,5661.0,5662.5,26754
2025-04-17 07:15:00+00:00,5672.0,5684.5,5671.5,5674.0,22173
2025-04-17 07:30:00+00:00,5665.0,5674.5,5664.0,5671.5,12813
2025-04-17 07:45:00+00:00,5679.0,5689.0,5660.0,5665.5,16814
2025-04-17 08:00:00+00:00,5687.5,5690.0,5674.0,5678.5,18969
2025-04-17 08:15:00+00:00,5704.0,5715.0,5688.0,5688.5,27639
2025-04-17 08:30:00+00:00,5693.0,5713.5,5686.5,5704.0,20787
2025-04-17 08:45:00+00:00,5693.0,5694.5,5681.5,5686.0,21195
2025-04-17 09:00:00+00:00,5696.5,5714.0,5692.5,5692.5,15715
2025-04-17 09:15:00+00:00,5693.5,5700.0,5688.5,5696.5,17037
2025-04-17 09:30:00+00:00,5684.5,5699.0,5679.0,5693.5,36586
2025-04-17 09:45:00+00:00,5678.5,5688.5,5653.0,5684.0,51977
2025-04-21 03:45:00+00:00,5664.0,5693.0,5646.5,5693.0,12407
2025-04-21 04:00:00+00:00,5684.5,5690.0,5660.0,5662.5,12959
2025-04-21 04:15:00+00:00,5712.5,5720.5,5677.5,5683.5,43410
2025-04-21 04:30:00+00:00,5713.5,5726.5,5713.0,5713.5,19556
2025-04-21 04:45:00+00:00,5744.5,5751.5,5715.0,5715.0,21287
2025-04-21 05:00:00+00:00,5767.0,5767.0,5740.5,5745.0,16777
2025-04-21 05:15:00+00:00,5772.0,5774.5,5758.0,5765.5,17724
2025-04-21 05:30:00+00:00,5782.5,5784.0,5767.0,5774.0,12921
2025-04-21 05:45:00+00:00,5801.5,5803.0,5782.5,5782.5,13463
2025-04-21 06:00:00+00:00,5813.5,5817.5,5799.0,5803.5,52044
2025-04-21 06:15:00+00:00,5831.5,5836.5,5814.0,5817.0,22257
2025-04-21 06:30:00+00:00,5848.5,5849.5,5826.5,5830.5,15681
2025-04-21 06:45:00+00:00,5840.0,5857.5,5839.0,5845.0,17816
2025-04-21 07:00:00+00:00,5843.0,5851.0,5839.0,5840.0,14293
2025-04-21 07:15:00+00:00,5822.0,5845.0,5822.0,5843.5,17976
2025-04-21 07:30:00+00:00,5821.0,5824.0,5818.0,5822.5,20365
2025-04-21 07:45:00+00:00,5822.5,5829.0,5815.0,5820.5,20087
2025-04-21 08:00:00+00:00,5815.0,5824.5,5810.0,5822.5,14524
2025-04-21 08:15:00+00:00,5801.5,5820.5,5801.5,5815.0,18406
2025-04-21 08:30:00+00:00,5800.0,5805.0,5794.0,5801.5,15780
2025-04-21 08:45:00+00:00,5798.0,5805.0,5798.0,5800.0,19422
2025-04-21 09:00:00+00:00,5800.0,5804.0,5790.5,5798.5,18645
2025-04-21 09:15:00+00:00,5814.5,5818.5,5798.5,5800.0,28779
2025-04-21 09:30:00+00:00,5810.5,5817.5,5802.0,5814.0,27302
2025-04-21 09:45:00+00:00,5804.0,5823.5,5791.5,5810.5,36920
2025-04-22 03:45:00+00:00,5855.5,5870.5,5814.0,5819.5,23653
2025-04-22 04:00:00+00:00,5842.0,5862.0,5832.0,5853.0,20298
2025-04-22 04:15:00+00:00,5850.0,5870.5,5838.0,5840.0,21874
2025-04-22 04:30:00+00:00,5848.0,5859.5,5840.0,5849.5,6922
2025-04-22 04:45:00+00:00,5873.5,5880.0,5845.0,5846.0,16842
2025-04-22 05:00:00+00:00,5880.0,5905.0,5870.5,5872.0,25796
2025-04-22 05:15:00+00:00,5854.0,5887.0,5853.0,5881.5,18550
2025-04-22 05:30:00+00:00,5853.0,5854.0,5851.0,5854.0,12669
2025-04-22 05:45:00+00:00,5838.5,5853.5,5838.5,5853.0,11240
2025-04-22 06:00:00+00:00,5847.0,5852.0,5827.0,5830.0,27991
2025-04-22 06:15:00+00:00,5832.0,5847.0,5828.0,5847.0,12509
2025-04-22 06:30:00+00:00,5819.5,5830.5,5811.0,5830.0,13748
2025-04-22 06:45:00+00:00,5821.0,5827.0,5818.0,5819.5,6257
2025-04-22 07:00:00+00:00,5821.0,5821.0,5814.5,5821.0,15318
2025-04-22 07:15:00+00:00,5816.5,5821.0,5813.0,5820.5,4610
2025-04-22 07:30:00+00:00,5814.0,5816.5,5810.0,5816.0,4673
2025-04-22 07:45:00+00:00,5825.5,5837.5,5812.5,5814.0,24407
2025-04-22 08:00:00+00:00,5834.0,5837.5,5820.5,5825.0,52142
2025-04-22 08:15:00+00:00,5838.5,5843.0,5831.5,5834.5,8034
2025-04-22 08:30:00+00:00,5815.0,5838.5,5812.0,5838.5,13250
2025-04-22 08:45:00+00:00,5809.0,5815.0,5809.0,5815.0,8372
2025-04-22 09:00:00+00:00,5800.0,5810.0,5794.0,5809.5,19539
2025-04-22 09:15:00+00:00,5788.0,5800.0,5786.0,5800.0,6590
2025-04-22 09:30:00+00:00,5783.0,5790.0,5775.5,5787.0,32073
2025-04-22 09:45:00+00:00,5784.0,5796.5,5769.5,5783.0,33855
2025-04-23 03:45:00+00:00,5785.0,5816.5,5766.0,5796.0,14518
2025-04-23 04:00:00+00:00,5745.0,5785.5,5741.0,5785.5,19067
2025-04-23 04:15:00+00:00,5749.0,5755.0,5735.5,5743.0,13046
2025-04-23 04:30:00+00:00,5714.0,5749.0,5711.5,5747.5,18186
2025-04-23 04:45:00+00:00,5727.0,5730.5,5707.5,5713.5,16384
2025-04-23 05:00:00+00:00,5715.5,5740.0,5712.0,5726.5,14027
2025-04-23 05:15:00+00:00,5676.0,5722.0,5606.5,5715.5,105675
2025-04-23 05:30:00+00:00,5709.0,5734.0,5672.5,5674.0,31554
2025-04-23 05:45:00+00:00,5699.5,5719.5,5697.5,5707.0,23293
2025-04-23 06:00:00+00:00,5717.5,5721.5,5696.5,5699.5,15332
2025-04-23 06:15:00+00:00,5706.5,5720.5,5703.5,5720.0,15519
2025-04-23 06:30:00+00:00,5699.5,5715.0,5699.0,5709.5,24130
2025-04-23 06:45:00+00:00,5699.0,5700.0,5694.0,5700.0,12402
2025-04-23 07:00:00+00:00,5700.5,5702.5,5687.5,5699.0,16494
2025-04-23 07:15:00+00:00,5719.5,5723.0,5699.5,5700.5,26101
2025-04-23 07:30:00+00:00,5687.5,5720.0,5680.5,5720.0,12332
2025-04-23 07:45:00+00:00,5687.0,5688.0,5680.5,5685.0,6790
2025-04-23 08:00:00+00:00,5688.0,5690.0,5680.5,5688.0,8432
2025-04-23 08:15:00+00:00,5699.5,5700.0,5686.0,5688.0,11381
2025-04-23 08:30:00+00:00,5694.0,5700.0,5685.5,5698.0,16864
2025-04-23 08:45:00+00:00,5710.0,5712.5,5692.0,5693.5,15569
2025-04-23 09:00:00+00:00,5697.5,5716.5,5695.5,5711.0,14909
2025-04-23 09:15:00+00:00,5707.5,5708.0,5697.0,5699.5,10456
2025-04-23 09:30:00+00:00,5748.0,5749.0,5705.5,5705.5,52552
2025-04-23 09:45:00+00:00,5730.0,5750.5,5730.0,5748.0,36408
2025-04-24 03:45:00+00:00,5728.5,5760.0,5722.0,5753.5,35918
2025-04-24 04:00:00+00:00,5739.0,5764.0,5729.5,5731.5,21228
2025-04-24 04:15:00+00:00,5723.0,5745.5,5718.5,5740.0,14629
2025-04-24 04:30:00+00:00,5722.0,5724.0,5709.0,5717.5,9689
2025-04-24 04:45:00+00:00,5714.0,5725.0,5705.5,5725.0,13239
2025-04-24 05:00:00+00:00,5732.5,5734.0,5707.0,5715.0,10564
2025-04-24 05:15:00+00:00,5716.0,5742.5,5716.0,5732.5,9258
2025-04-24 05:30:00+00:00,5705.5,5727.5,5695.0,5716.0,12346
2025-04-24 05:45:00+00:00,5704.0,5708.5,5693.5,5707.0,8540
2025-04-24 06:00:00+00:00,5705.5,5720.0,5702.5,5703.0,12050
2025-04-24 06:15:00+00:00,5700.0,5707.5,5695.0,5706.5,10148
2025-04-24 06:30:00+00:00,5686.5,5712.5,5686.0,5700.0,8655
2025-04-24 06:45:00+00:00,5687.5,5696.5,5686.0,5688.0,6419
2025-04-24 07:00:00+00:00,5683.5,5689.0,5675.0,5686.0,10942
2025-04-24 07:15:00+00:00,5687.5,5689.5,5681.0,5682.0,5716
2025-04-24 07:30:00+00:00,5669.0,5687.0,5666.0,5686.5,9654
2025-04-24 07:45:00+00:00,5658.0,5671.0,5653.0,5669.5,18709
2025-04-24 08:00:00+00:00,5670.5,5670.5,5658.0,5658.0,15305
2025-04-24 08:15:00+00:00,5668.0,5674.5,5664.5,5670.5,13276
2025-04-24 08:30:00+00:00,5670.0,5672.0,5660.0,5668.0,15932
2025-04-24 08:45:00+00:00,5656.0,5675.5,5654.0,5670.5,20218
2025-04-24 09:00:00+00:00,5650.5,5659.0,5642.5,5655.5,20374
2025-04-24 09:15:00+00:00,5639.5,5652.5,5630.5,5649.0,30215
2025-04-24 09:30:00+00:00,5655.0,5659.5,5637.5,5639.5,102548
2025-04-24 09:45:00+00:00,5650.5,5660.0,5626.5,5656.0,68048
2025-04-25 03:45:00+00:00,5627.5,5666.5,5627.5,5662.5,25910
2025-04-25 04:00:00+00:00,5599.0,5640.0,5591.0,5627.5,48911
2025-04-25 04:15:00+00:00,5580.0,5607.5,5577.5,5596.0,22254
2025-04-25 04:30:00+00:00,5577.5,5582.0,5548.0,5582.0,32074
2025-04-25 04:45:00+00:00,5537.5,5584.0,5537.5,5577.0,19755
2025-04-25 05:00:00+00:00,5561.0,5570.0,5528.0,5534.5,25081
2025-04-25 05:15:00+00:00,5550.5,5566.5,5546.0,5563.5,11266
2025-04-25 05:30:00+00:00,5540.0,5553.5,5533.5,5552.0,13978
2025-04-25 05:45:00+00:00,5547.0,5547.5,5521.0,5543.5,11935
2025-04-25 06:00:00+00:00,5534.5,5552.5,5531.5,5549.0,13332
2025-04-25 06:15:00+00:00,5535.5,5543.0,5525.0,5534.5,14940
2025-04-25 06:30:00+00:00,5541.0,5546.5,5526.5,5536.5,6863
2025-04-25 06:45:00+00:00,5536.5,5546.0,5532.5,5543.5,6773
2025-04-25 07:00:00+00:00,5553.5,5562.0,5536.5,5539.0,7896
2025-04-25 07:15:00+00:00,5582.5,5584.0,5554.5,5554.5,9346
2025-04-25 07:30:00+00:00,5589.5,5595.0,5578.5,5581.0,11073
2025-04-25 07:45:00+00:00,5584.0,5592.0,5577.5,5587.5,6194
2025-04-25 08:00:00+00:00,5583.0,5595.0,5569.5,5583.0,8330
2025-04-25 08:15:00+00:00,5593.5,5594.5,5581.0,5584.5,14979
2025-04-25 08:30:00+00:00,5575.0,5595.5,5571.0,5594.0,9719
2025-04-25 08:45:00+00:00,5588.5,5592.0,5574.5,5574.5,8162
2025-04-25 09:00:00+00:00,5573.0,5588.5,5564.0,5587.5,11737
2025-04-25 09:15:00+00:00,5584.0,5591.5,5566.0,5572.5,16536
2025-04-25 09:30:00+00:00,5579.0,5586.0,5576.5,5583.5,29095
2025-04-25 09:45:00+00:00,5560.0,5581.5,5560.0,5579.5,47083
2025-04-28 03:45:00+00:00,5590.5,5598.0,5553.5,5583.5,9485
2025-04-28 04:00:00+00:00,5643.5,5657.5,5585.0,5590.5,18014
2025-04-28 04:15:00+00:00,5644.5,5658.0,5626.0,5644.5,10807
2025-04-28 04:30:00+00:00,5625.0,5644.5,5613.5,5644.0,9186
2025-04-28 04:45:00+00:00,5601.5,5629.5,5600.0,5626.0,15341
2025-04-28 05:00:00+00:00,5602.0,5607.5,5596.0,5605.5,13852
2025-04-28 05:15:00+00:00,5608.0,5610.0,5599.0,5605.0,14664
2025-04-28 05:30:00+00:00,5591.5,5608.5,5590.0,5608.5,11170
2025-04-28 05:45:00+00:00,5599.5,5600.0,5585.5,5591.5,12486
2025-04-28 06:00:00+00:00,5606.0,5614.0,5604.0,5608.0,22387
2025-04-28 06:15:00+00:00,5609.5,5613.0,5603.5,5606.0,11748
2025-04-28 06:30:00+00:00,5628.5,5631.0,5608.5,5609.5,31466
2025-04-28 06:45:00+00:00,5644.5,5645.0,5629.0,5629.5,18780
2025-04-28 07:00:00+00:00,5638.0,5650.0,5635.5,5644.5,23579
2025-04-28 07:15:00+00:00,5628.0,5640.5,5623.0,5638.0,15318
2025-04-28 07:30:00+00:00,5633.0,5633.5,5625.5,5628.5,9761
2025-04-28 07:45:00+00:00,5626.5,5633.0,5623.0,5633.0,8707
2025-04-28 08:00:00+00:00,5627.5,5631.0,5622.0,5626.5,11958
2025-04-28 08:15:00+00:00,5622.0,5628.5,5619.5,5628.0,9149
2025-04-28 08:30:00+00:00,5622.0,5627.5,5618.0,5623.0,6279
2025-04-28 08:45:00+00:00,5619.5,5624.5,5611.0,5624.5,10716
2025-04-28 09:00:00+00:00,5604.0,5622.0,5600.5,5620.0,9162
2025-04-28 09:15:00+00:00,5613.0,5616.0,5598.0,5604.0,12114
2025-04-28 09:30:00+00:00,5614.5,5623.5,5604.5,5613.5,23668
2025-04-28 09:45:00+00:00,5617.5,5635.0,5615.0,5615.0,49685
2025-04-29 03:45:00+00:00,5646.0,5682.5,5619.5,5619.5,7803
2025-04-29 04:00:00+00:00,5617.0,5654.5,5614.0,5645.5,11141
2025-04-29 04:15:00+00:00,5619.5,5625.5,5600.0,5622.5,10236
2025-04-29 04:30:00+00:00,5590.5,5619.5,5590.0,5619.0,6298
2025-04-29 04:45:00+00:00,5545.0,5588.5,5544.0,5588.5,11352
2025-04-29 05:00:00+00:00,5521.5,5550.0,5516.0,5547.0,13245
2025-04-29 05:15:00+00:00,5508.5,5531.0,5508.5,5522.5,15357
2025-04-29 05:30:00+00:00,5544.5,5555.0,5510.0,5511.0,26263
2025-04-29 05:45:00+00:00,5548.0,5579.0,5542.5,5545.0,16716
2025-04-29 06:00:00+00:00,5548.5,5554.0,5544.0,5545.5,4856
2025-04-29 06:15:00+00:00,5512.5,5552.5,5511.5,5551.5,11117
2025-04-29 06:30:00+00:00,5513.0,5524.0,5509.0,5512.0,14936
2025-04-29 06:45:00+00:00,5533.5,5540.0,5509.0,5513.0,8665
2025-04-29 07:00:00+00:00,5553.0,5559.5,5536.0,5536.0,10199
2025-04-29 07:15:00+00:00,5559.0,5562.0,5548.5,5554.0,4468
2025-04-29 07:30:00+00:00,5575.0,5575.5,5559.5,5559.5,8831
2025-04-29 07:45:00+00:00,5579.5,5581.5,5571.5,5575.0,5042
2025-04-29 08:00:00+00:00,5569.5,5582.5,5569.0,5578.5,5294
2025-04-29 08:15:00+00:00,5575.5,5579.0,5569.5,5569.5,2287
2025-04-29 08:30:00+00:00,5575.5,5583.0,5575.5,5576.0,3192
2025-04-29 08:45:00+00:00,5575.5,5583.5,5575.5,5577.0,7824
2025-04-29 09:00:00+00:00,5582.5,5582.5,5577.0,5577.0,8449
2025-04-29 09:15:00+00:00,5593.5,5597.5,5579.5,5582.5,18333
2025-04-29 09:30:00+00:00,5583.5,5595.0,5578.0,5594.0,20860
2025-04-29 09:45:00+00:00,5583.0,5584.5,5565.5,5582.5,43625
2025-04-30 03:45:00+00:00,5550.0,5572.0,5509.5,5572.0,12752
2025-04-30 04:00:00+00:00,5557.5,5591.0,5543.0,5546.0,16533
2025-04-30 04:15:00+00:00,5565.0,5587.0,5559.0,5559.0,10036
2025-04-30 04:30:00+00:00,5567.5,5575.0,5560.0,5565.0,5844
2025-04-30 04:45:00+00:00,5570.5,5587.0,5567.5,5567.5,4834
2025-04-30 05:00:00+00:00,5574.0,5577.0,5564.0,5567.5,3643
2025-04-30 05:15:00+00:00,5579.0,5580.0,5567.5,5574.0,3211
2025-04-30 05:30:00+00:00,5568.5,5584.5,5565.5,5580.0,6941
2025-04-30 05:45:00+00:00,5559.5,5580.5,5555.0,5571.0,7587
2025-04-30 06:00:00+00:00,5550.5,5578.5,5546.0,5559.5,25268
2025-04-30 06:15:00+00:00,5563.0,5568.0,5547.0,5550.5,6244
2025-04-30 06:30:00+00:00,5522.0,5572.0,5522.0,5562.5,7657
2025-04-30 06:45:00+00:00,5535.0,5547.5,5521.5,5521.5,9286
2025-04-30 07:00:00+00:00,5527.5,5537.5,5525.5,5535.0,7618
2025-04-30 07:15:00+00:00,5523.0,5531.5,5521.5,5529.0,4653
2025-04-30 07:30:00+00:00,5525.0,5529.0,5518.0,5523.0,6176
2025-04-30 07:45:00+00:00,5527.0,5530.5,5524.5,5525.0,4787
2025-04-30 08:00:00+00:00,5546.0,5550.5,5526.0,5527.0,9316
2025-04-30 08:15:00+00:00,5545.0,5547.0,5533.5,5538.5,9418
2025-04-30 08:30:00+00:00,5548.0,5550.0,5537.5,5545.0,7713
2025-04-30 08:45:00+00:00,5540.5,5551.5,5540.5,5548.0,11105
2025-04-30 09:00:00+00:00,5550.0,5560.0,5540.0,5541.0,22572
2025-04-30 09:15:00+00:00,5562.5,5569.0,5545.0,5551.0,48142
2025-04-30 09:30:00+00:00,5567.5,5581.5,5552.5,5564.5,131438
2025-04-30 09:45:00+00:00,5567.0,5574.5,5539.5,5568.0,98679
2025-05-02 03:45:00+00:00,5414.0,5544.0,5410.0,5544.0,51379
2025-05-02 04:00:00+00:00,5460.5,5470.0,5394.5,5414.5,78882
2025-05-02 04:15:00+00:00,5472.0,5488.5,5447.0,5460.5,41498
2025-05-02 04:30:00+00:00,5487.5,5487.5,5454.5,5472.0,26004
2025-05-02 04:45:00+00:00,5426.0,5486.0,5425.0,5483.0,51436
2025-05-02 05:00:00+00:00,5438.0,5453.5,5419.0,5425.0,27921
2025-05-02 05:15:00+00:00,5436.0,5445.0,5427.0,5438.5,14591
2025-05-02 05:30:00+00:00,5420.5,5437.0,5420.0,5436.5,14186
2025-05-02 05:45:00+00:00,5439.0,5439.0,5415.0,5421.0,17274
2025-05-02 06:00:00+00:00,5430.0,5458.0,5430.0,5438.0,39820
2025-05-02 06:15:00+00:00,5427.5,5432.0,5427.5,5430.5,20999
2025-05-02 06:30:00+00:00,5394.5,5427.5,5394.0,5427.5,43242
2025-05-02 06:45:00+00:00,5382.0,5395.5,5382.0,5394.0,22608
2025-05-02 07:00:00+00:00,5389.0,5391.0,5376.0,5383.5,13903
2025-05-02 07:15:00+00:00,5391.5,5400.0,5384.0,5389.5,10416
2025-05-02 07:30:00+00:00,5403.0,5403.0,5384.0,5391.5,15155
2025-05-02 07:45:00+00:00,5422.5,5422.5,5402.0,5402.0,17289
2025-05-02 08:00:00+00:00,5449.0,5450.0,5422.0,5422.5,29655
2025-05-02 08:15:00+00:00,5450.0,5456.5,5445.0,5448.5,15335
2025-05-02 08:30:00+00:00,5461.0,5470.0,5448.0,5451.5,14470
2025-05-02 08:45:00+00:00,5444.0,5465.0,5444.0,5460.5,10439
2025-05-02 09:00:00+00:00,5433.5,5448.0,5433.5,5445.5,15977
2025-05-02 09:15:00+00:00,5450.5,5453.0,5433.5,5433.5,8580
2025-05-02 09:30:00+00:00,5440.5,5454.0,5437.5,5448.0,17597
2025-05-02 09:45:00+00:00,5425.0,5441.0,5423.5,5440.5,29777
2025-05-05 03:45:00+00:00,5438.5,5475.5,5431.0,5465.5,9359
2025-05-05 04:00:00+00:00,5422.5,5441.0,5415.5,5438.5,9358
2025-05-05 04:15:00+00:00,5435.0,5435.0,5411.0,5423.0,6889
2025-05-05 04:30:00+00:00,5436.0,5440.0,5420.0,5432.5,10349
2025-05-05 04:45:00+00:00,5466.0,5469.0,5435.5,5438.5,11129
2025-05-05 05:00:00+00:00,5470.0,5479.5,5458.5,5466.5,23148
2025-05-05 05:15:00+00:00,5456.5,5471.0,5451.5,5470.0,8632
2025-05-05 05:30:00+00:00,5459.5,5461.5,5450.5,5456.5,3390
2025-05-05 05:45:00+00:00,5462.0,5473.0,5458.5,5461.0,7312
2025-05-05 06:00:00+00:00,5454.0,5462.5,5448.5,5462.0,10819
2025-05-05 06:15:00+00:00,5451.0,5455.0,5441.5,5454.0,15246
2025-05-05 06:30:00+00:00,5436.5,5455.0,5422.0,5450.5,27344
2025-05-05 06:45:00+00:00,5437.5,5443.5,5427.5,5434.5,9082
2025-05-05 07:00:00+00:00,5433.5,5445.0,5428.0,5437.5,21188
2025-05-05 07:15:00+00:00,5445.5,5448.5,5427.5,5434.5,8867
2025-05-05 07:30:00+00:00,5436.5,5450.5,5431.5,5445.5,6828
2025-05-05 07:45:00+00:00,5446.0,5449.5,5429.5,5438.5,12204
2025-05-05 08:00:00+00:00,5465.0,5472.5,5447.5,5447.5,7545
2025-05-05 08:15:00+00:00,5456.5,5466.5,5451.0,5465.5,6858
2025-05-05 08:30:00+00:00,5466.0,5468.5,5457.0,5459.0,6390
2025-05-05 08:45:00+00:00,5464.0,5468.5,5460.5,5465.0,4174
2025-05-05 09:00:00+00:00,5468.0,5470.0,5461.5,5465.0,5350
2025-05-05 09:15:00+00:00,5468.0,5475.5,5466.5,5467.5,13943
2025-05-05 09:30:00+00:00,5457.0,5469.5,5455.5,5468.5,26508
2025-05-05 09:45:00+00:00,5460.5,5475.0,5452.5,5457.5,33491
2025-05-06 03:45:00+00:00,5520.0,5520.0,5455.0,5464.5,16940
2025-05-06 04:00:00+00:00,5575.5,5575.5,5515.0,5520.0,44748
2025-05-06 04:15:00+00:00,5558.0,5584.5,5548.5,5577.0,32227
2025-05-06 04:30:00+00:00,5589.0,5589.0,5555.0,5555.5,33096
2025-05-06 04:45:00+00:00,5581.5,5587.0,5563.0,5585.0,18850
2025-05-06 05:00:00+00:00,5579.0,5584.0,5566.0,5584.0,31217
2025-05-06 05:15:00+00:00,5575.0,5579.0,5566.0,5577.5,17590
2025-05-06 05:30:00+00:00,5580.5,5595.0,5573.5,5575.0,20349
2025-05-06 05:45:00+00:00,5537.0,5589.0,5523.0,5582.0,35122
2025-05-06 06:00:00+00:00,5528.0,5559.5,5526.5,5535.5,41242
2025-05-06 06:15:00+00:00,5550.0,5550.0,5523.5,5530.0,10769
2025-05-06 06:30:00+00:00,5520.5,5553.0,5518.5,5550.0,18977
2025-05-06 06:45:00+00:00,5526.0,5529.0,5520.5,5520.5,12904
2025-05-06 07:00:00+00:00,5526.0,5532.5,5520.5,5526.0,4517
2025-05-06 07:15:00+00:00,5532.5,5532.5,5522.0,5526.0,6031
2025-05-06 07:30:00+00:00,5537.0,5537.5,5523.0,5530.5,5010
2025-05-06 07:45:00+00:00,5535.0,5544.5,5530.5,5536.0,6297
2025-05-06 08:00:00+00:00,5533.0,5535.5,5530.5,5532.5,3684
2025-05-06 08:15:00+00:00,5533.0,5536.0,5529.5,5530.5,7614
2025-05-06 08:30:00+00:00,5536.0,5539.0,5521.5,5535.0,10662
2025-05-06 08:45:00+00:00,5521.0,5536.5,5519.0,5534.0,10382
2025-05-06 09:00:00+00:00,5524.5,5529.0,5519.5,5520.0,13568
2025-05-06 09:15:00+00:00,5511.0,5527.5,5510.5,5527.5,23116
2025-05-06 09:30:00+00:00,5517.0,5524.5,5510.0,5514.0,44256
2025-05-06 09:45:00+00:00,5505.0,5519.5,5505.0,5516.5,34481
2025-05-07 03:45:00+00:00,5534.0,5539.0,5487.0,5488.5,9698
2025-05-07 04:00:00+00:00,5519.0,5547.5,5519.0,5534.0,13270
2025-05-07 04:15:00+00:00,5517.5,5527.5,5482.5,5520.0,13286
2025-05-07 04:30:00+00:00,5486.5,5524.5,5481.0,5518.5,7153
2025-05-07 04:45:00+00:00,5513.0,5525.5,5481.5,5481.5,6644
2025-05-07 05:00:00+00:00,5550.5,5570.0,5514.0,5514.0,52340
2025-05-07 05:15:00+00:00,5542.0,5557.5,5530.0,5556.5,8200
2025-05-07 05:30:00+00:00,5543.5,5555.0,5530.0,5542.0,17344
2025-05-07 05:45:00+00:00,5518.5,5545.0,5515.0,5541.0,17322
2025-05-07 06:00:00+00:00,5502.0,5518.5,5500.0,5518.0,5903
2025-05-07 06:15:00+00:00,5485.0,5506.0,5481.5,5501.5,9774
2025-05-07 06:30:00+00:00,5503.0,5504.5,5482.5,5483.0,29103
2025-05-07 06:45:00+00:00,5503.5,5512.0,5498.0,5502.0,7932
2025-05-07 07:00:00+00:00,5502.0,5506.5,5493.5,5501.5,12543
2025-05-07 07:15:00+00:00,5498.5,5510.5,5494.0,5500.5,7201
2025-05-07 07:30:00+00:00,5494.5,5498.0,5488.5,5497.0,7414
2025-05-07 07:45:00+00:00,5491.5,5498.5,5490.0,5492.5,3529
2025-05-07 08:00:00+00:00,5459.5,5493.0,5454.0,5491.5,8373
2025-05-07 08:15:00+00:00,5463.5,5469.0,5455.0,5459.5,3784
2025-05-07 08:30:00+00:00,5480.0,5483.5,5460.5,5463.0,5882
2025-05-07 08:45:00+00:00,5473.0,5482.0,5463.0,5480.0,4468
2025-05-07 09:00:00+00:00,5479.5,5486.0,5466.5,5473.5,7623
2025-05-07 09:15:00+00:00,5469.0,5481.0,5467.0,5479.5,6971
2025-05-07 09:30:00+00:00,5488.5,5495.5,5473.5,5473.5,35104
2025-05-07 09:45:00+00:00,5489.0,5496.5,5468.5,5488.0,35901
2025-05-08 03:45:00+00:00,5450.0,5465.0,5422.0,5455.0,19389
2025-05-08 04:00:00+00:00,5450.5,5457.0,5450.0,5450.0,36641
2025-05-08 04:15:00+00:00,5451.0,5470.0,5445.0,5450.5,54972
2025-05-08 04:30:00+00:00,5457.0,5463.0,5450.0,5450.0,8758
2025-05-08 04:45:00+00:00,5461.5,5462.0,5457.0,5457.0,9578
2025-05-08 05:00:00+00:00,5455.0,5468.0,5455.0,5461.5,27711
2025-05-08 05:15:00+00:00,5451.0,5455.0,5447.5,5455.0,38582
2025-05-08 05:30:00+00:00,5438.0,5452.0,5430.0,5451.0,10550
2025-05-08 05:45:00+00:00,5440.0,5450.0,5437.5,5438.0,7852
2025-05-08 06:00:00+00:00,5430.0,5440.0,5426.0,5440.0,8414
2025-05-08 06:15:00+00:00,5431.5,5438.0,5427.0,5430.0,8763
2025-05-08 06:30:00+00:00,5410.0,5431.0,5410.0,5430.0,12411
2025-05-08 06:45:00+00:00,5398.0,5413.0,5395.5,5410.0,19130
2025-05-08 07:00:00+00:00,5381.0,5398.0,5381.0,5396.5,20467
2025-05-08 07:15:00+00:00,5385.0,5390.0,5380.0,5380.5,13409
2025-05-08 07:30:00+00:00,5374.5,5385.0,5370.5,5385.0,15305
2025-05-08 07:45:00+00:00,5366.5,5374.5,5359.0,5374.5,15909
2025-05-08 08:00:00+00:00,5356.0,5368.5,5355.5,5367.0,11097
2025-05-08 08:15:00+00:00,5351.0,5364.5,5346.5,5355.5,10378
2025-05-08 08:30:00+00:00,5343.0,5354.0,5342.0,5351.0,27701
2025-05-08 08:45:00+00:00,5361.5,5365.5,5341.0,5343.0,11617
2025-05-08 09:00:00+00:00,5368.5,5373.5,5360.5,5361.5,14961
2025-05-08 09:15:00+00:00,5354.5,5369.5,5352.5,5368.5,32498
2025-05-08 09:30:00+00:00,5386.5,5393.0,5345.5,5352.5,84486
2025-05-08 09:45:00+00:00,5372.5,5388.0,5340.0,5387.0,69773
2025-05-09 03:45:00+00:00,5285.5,5319.0,5266.5,5288.5,28303
2025-05-09 04:00:00+00:00,5293.0,5301.5,5275.5,5285.0,14747
2025-05-09 04:15:00+00:00,5266.5,5296.0,5264.5,5291.0,16960
2025-05-09 04:30:00+00:00,5302.5,5302.5,5261.5,5266.5,22056
2025-05-09 04:45:00+00:00,5275.5,5305.5,5274.0,5302.0,31426
2025-05-09 05:00:00+00:00,5284.0,5296.5,5276.0,5276.0,8108
2025-05-09 05:15:00+00:00,5261.5,5287.0,5260.5,5284.0,7253
2025-05-09 05:30:00+00:00,5275.5,5277.0,5261.0,5261.5,8814
2025-05-09 05:45:00+00:00,5290.0,5290.5,5270.5,5275.0,9508
2025-05-09 06:00:00+00:00,5297.5,5306.5,5285.0,5289.5,20564
2025-05-09 06:15:00+00:00,5294.0,5300.0,5281.5,5297.0,10929
2025-05-09 06:30:00+00:00,5297.5,5300.0,5290.0,5294.0,8400
2025-05-09 06:45:00+00:00,5298.5,5300.5,5286.5,5299.0,6943
2025-05-09 07:00:00+00:00,5284.5,5298.0,5283.5,5298.0,5724
2025-05-09 07:15:00+00:00,5298.0,5300.0,5284.5,5284.5,8134
2025-05-09 07:30:00+00:00,5313.0,5316.0,5292.0,5297.0,20876
2025-05-09 07:45:00+00:00,5301.0,5320.0,5298.0,5313.5,12674
2025-05-09 08:00:00+00:00,5303.5,5308.5,5296.0,5299.5,10186
2025-05-09 08:15:00+00:00,5309.5,5315.0,5303.0,5304.0,10438
2025-05-09 08:30:00+00:00,5317.5,5321.0,5309.5,5309.5,9531
2025-05-09 08:45:00+00:00,5314.0,5329.5,5311.5,5317.5,14792
2025-05-09 09:00:00+00:00,5315.5,5320.5,5311.5,5314.0,10697
2025-05-09 09:15:00+00:00,5314.0,5325.0,5311.5,5315.5,14350
2025-05-09 09:30:00+00:00,5323.5,5335.0,5303.0,5311.5,57250
2025-05-09 09:45:00+00:00,5324.0,5339.5,5321.0,5324.5,25856
2025-05-12 03:45:00+00:00,5436.5,5467.5,5416.5,5467.5,9932
2025-05-12 04:00:00+00:00,5438.0,5447.5,5430.5,5434.0,14745
2025-05-12 04:15:00+00:00,5485.5,5487.0,5437.5,5441.0,11421
2025-05-12 04:30:00+00:00,5477.5,5496.5,5473.5,5490.0,10009
2025-05-12 04:45:00+00:00,5475.0,5490.0,5475.0,5477.0,6614
2025-05-12 05:00:00+00:00,5469.0,5492.5,5465.0,5476.5,6060
2025-05-12 05:15:00+00:00,5460.5,5470.5,5458.5,5469.5,7934
2025-05-12 05:30:00+00:00,5484.5,5488.0,5460.5,5460.5,8019
2025-05-12 05:45:00+00:00,5481.5,5492.0,5481.5,5483.0,10723
2025-05-12 06:00:00+00:00,5491.5,5494.5,5480.0,5483.0,8585
2025-05-12 06:15:00+00:00,5487.5,5495.5,5483.0,5492.0,6708
2025-05-12 06:30:00+00:00,5500.0,5506.5,5486.5,5489.5,11105
2025-05-12 06:45:00+00:00,5494.5,5513.0,5490.5,5500.0,9888
2025-05-12 07:00:00+00:00,5504.0,5517.5,5494.5,5494.5,8652
2025-05-12 07:15:00+00:00,5501.0,5503.5,5494.0,5502.5,4448
2025-05-12 07:30:00+00:00,5497.0,5505.0,5491.5,5502.0,8430
2025-05-12 07:45:00+00:00,5510.5,5512.0,5495.0,5497.5,5239
2025-05-12 08:00:00+00:00,5512.5,5515.0,5507.0,5510.5,3810
2025-05-12 08:15:00+00:00,5516.5,5517.5,5511.0,5511.5,4215
2025-05-12 08:30:00+00:00,5513.5,5517.5,5506.5,5516.0,20642
2025-05-12 08:45:00+00:00,5539.0,5541.0,5511.5,5514.0,23448
2025-05-12 09:00:00+00:00,5510.0,5538.0,5510.0,5537.5,26699
2025-05-12 09:15:00+00:00,5526.0,5530.0,5505.0,5506.0,18115
2025-05-12 09:30:00+00:00,5515.0,5528.0,5508.0,5526.0,32754
2025-05-12 09:45:00+00:00,5520.0,5526.0,5515.0,5515.5,33780
2025-05-13 03:45:00+00:00,5514.5,5550.0,5500.0,5511.5,9709
2025-05-13 04:00:00+00:00,5487.5,5513.5,5487.5,5510.5,23672
2025-05-13 04:15:00+00:00,5473.0,5490.0,5471.0,5487.5,16528
2025-05-13 04:30:00+00:00,5473.0,5480.5,5465.5,5473.0,11921
2025-05-13 04:45:00+00:00,5457.5,5479.5,5455.0,5473.0,18126
2025-05-13 05:00:00+00:00,5454.0,5462.0,5446.0,5458.0,11454
2025-05-13 05:15:00+00:00,5452.5,5462.0,5448.0,5458.0,9543
2025-05-13 05:30:00+00:00,5439.5,5453.0,5435.5,5451.0,34726
2025-05-13 05:45:00+00:00,5433.5,5446.0,5430.5,5439.5,17881
2025-05-13 06:00:00+00:00,5427.0,5438.5,5427.0,5432.0,7419
2025-05-13 06:15:00+00:00,5450.5,5453.5,5423.0,5427.0,34037
2025-05-13 06:30:00+00:00,5468.0,5469.5,5448.0,5450.0,14336
2025-05-13 06:45:00+00:00,5437.5,5469.5,5428.0,5467.5,14549
2025-05-13 07:00:00+00:00,5417.5,5437.5,5415.5,5437.0,11872
2025-05-13 07:15:00+00:00,5417.0,5423.0,5413.0,5415.5,9695
2025-05-13 07:30:00+00:00,5412.5,5422.5,5412.5,5415.0,5053
2025-05-13 07:45:00+00:00,5411.0,5418.5,5410.0,5414.5,5139
2025-05-13 08:00:00+00:00,5414.0,5415.0,5403.0,5410.0,4214
2025-05-13 08:15:00+00:00,5407.0,5415.0,5405.5,5414.0,2570
2025-05-13 08:30:00+00:00,5407.0,5413.5,5398.5,5407.0,19038
2025-05-13 08:45:00+00:00,5409.5,5413.5,5394.5,5405.0,10114
2025-05-13 09:00:00+00:00,5427.0,5428.0,5407.0,5409.5,13011
2025-05-13 09:15:00+00:00,5425.0,5431.0,5421.0,5427.0,10609
2025-05-13 09:30:00+00:00,5416.5,5424.5,5410.0,5423.0,49480
2025-05-13 09:45:00+00:00,5419.0,5428.0,5410.5,5417.5,38034
2025-05-14 03:45:00+00:00,5411.0,5430.0,5363.0,5430.0,23861
2025-05-14 04:00:00+00:00,5443.0,5448.0,5403.5,5411.0,20334
2025-05-14 04:15:00+00:00,5444.5,5458.0,5435.0,5443.0,23042
2025-05-14 04:30:00+00:00,5439.5,5447.0,5434.5,5446.0,10361
2025-05-14 04:45:00+00:00,5446.0,5446.5,5426.5,5441.5,7020
2025-05-14 05:00:00+00:00,5439.0,5446.0,5431.0,5445.0,5003
2025-05-14 05:15:00+00:00,5412.5,5439.5,5412.5,5439.0,6734
2025-05-14 05:30:00+00:00,5440.0,5441.5,5413.5,5415.0,6530
2025-05-14 05:45:00+00:00,5443.5,5449.0,5436.0,5441.0,5624
2025-05-14 06:00:00+00:00,5438.5,5445.0,5436.0,5443.0,4853
2025-05-14 06:15:00+00:00,5435.0,5438.5,5422.0,5438.5,5283
2025-05-14 06:30:00+00:00,5451.5,5456.5,5433.0,5434.5,7622
2025-05-14 06:45:00+00:00,5448.5,5453.0,5445.0,5452.5,10515
2025-05-14 07:00:00+00:00,5440.5,5449.5,5430.5,5448.5,7290
2025-05-14 07:15:00+00:00,5430.0,5440.5,5420.0,5440.5,6787
2025-05-14 07:30:00+00:00,5453.5,5459.0,5429.0,5430.5,16096
2025-05-14 07:45:00+00:00,5460.0,5464.0,5450.0,5454.0,7605
2025-05-14 08:00:00+00:00,5448.5,5477.5,5440.0,5460.0,18230
2025-05-14 08:15:00+00:00,5453.5,5457.0,5443.0,5449.5,6168
2025-05-14 08:30:00+00:00,5445.0,5454.0,5432.5,5454.0,3584
2025-05-14 08:45:00+00:00,5445.0,5454.0,5443.5,5444.5,4695
2025-05-14 09:00:00+00:00,5446.0,5463.5,5440.0,5445.0,12142
2025-05-14 09:15:00+00:00,5443.5,5450.0,5443.0,5446.0,7486
2025-05-14 09:30:00+00:00,5445.5,5450.0,5437.5,5443.5,22778
2025-05-14 09:45:00+00:00,5446.5,5453.0,5436.5,5445.5,31717
2025-05-15 03:45:00+00:00,5473.0,5516.0,5362.0,5471.0,144392
2025-05-15 04:00:00+00:00,5433.0,5489.0,5406.5,5469.5,96893
2025-05-15 04:15:00+00:00,5443.5,5475.0,5409.0,5432.5,51832
2025-05-15 04:30:00+00:00,5428.0,5450.0,5400.0,5443.0,43451
2025-05-15 04:45:00+00:00,5440.0,5449.5,5421.5,5427.0,16550
2025-05-15 05:00:00+00:00,5453.0,5467.0,5439.0,5440.0,38130
2025-05-15 05:15:00+00:00,5429.5,5453.0,5424.5,5452.5,69039
2025-05-15 05:30:00+00:00,5404.0,5430.0,5396.5,5430.0,53796
2025-05-15 05:45:00+00:00,5407.0,5415.0,5395.0,5404.0,30114
2025-05-15 06:00:00+00:00,5403.0,5407.5,5395.5,5406.0,12442
2025-05-15 06:15:00+00:00,5403.0,5415.5,5401.5,5403.0,36070
2025-05-15 06:30:00+00:00,5419.0,5433.5,5401.0,5403.0,145186
2025-05-15 06:45:00+00:00,5421.5,5439.0,5417.5,5424.0,42940
2025-05-15 07:00:00+00:00,5411.5,5427.5,5406.0,5421.5,9807
2025-05-15 07:15:00+00:00,5413.0,5415.5,5410.0,5411.5,7690
2025-05-15 07:30:00+00:00,5478.0,5478.0,5412.0,5413.0,82164
2025-05-15 07:45:00+00:00,5463.0,5495.0,5455.0,5480.0,61052
2025-05-15 08:00:00+00:00,5489.5,5500.0,5463.0,5463.0,64445
2025-05-15 08:15:00+00:00,5545.5,5548.0,5491.0,5492.0,93416
2025-05-15 08:30:00+00:00,5513.0,5546.0,5507.5,5546.0,54753
2025-05-15 08:45:00+00:00,5534.0,5535.0,5512.0,5514.0,40689
2025-05-15 09:00:00+00:00,5513.5,5535.0,5510.0,5534.0,38443
2025-05-15 09:15:00+00:00,5515.0,5525.0,5506.5,5514.0,43497
2025-05-15 09:30:00+00:00,5460.5,5519.5,5437.5,5516.5,334508
2025-05-15 09:45:00+00:00,5466.0,5480.0,5460.0,5460.5,117845
2025-05-16 03:45:00+00:00,5548.5,5577.5,5501.0,5501.0,70623
2025-05-16 04:00:00+00:00,5537.0,5560.0,5530.5,5552.0,31889
2025-05-16 04:15:00+00:00,5543.5,5544.0,5517.5,5540.0,21770
2025-05-16 04:30:00+00:00,5546.0,5553.5,5530.5,5547.0,18759
2025-05-16 04:45:00+00:00,5562.5,5567.0,5543.5,5547.5,23891
2025-05-16 05:00:00+00:00,5570.5,5585.0,5559.5,5562.0,37415
2025-05-16 05:15:00+00:00,5564.0,5585.0,5563.0,5573.0,40270
2025-05-16 05:30:00+00:00,5552.0,5570.0,5548.0,5564.0,42761
2025-05-16 05:45:00+00:00,5530.0,5553.0,5522.5,5551.0,60080
2025-05-16 06:00:00+00:00,5534.0,5542.0,5531.0,5531.0,10552
2025-05-16 06:15:00+00:00,5525.0,5538.0,5521.0,5534.0,14649
2025-05-16 06:30:00+00:00,5514.5,5527.0,5510.0,5526.5,13448
2025-05-16 06:45:00+00:00,5509.5,5514.5,5499.0,5514.5,18383
2025-05-16 07:00:00+00:00,5505.0,5512.5,5503.0,5509.0,8381
2025-05-16 07:15:00+00:00,5494.5,5507.0,5492.0,5505.0,12617
2025-05-16 07:30:00+00:00,5521.0,5522.5,5493.0,5494.5,11590
2025-05-16 07:45:00+00:00,5521.5,5531.0,5516.0,5522.0,10766
2025-05-16 08:00:00+00:00,5507.0,5527.0,5502.0,5522.0,23770
2025-05-16 08:15:00+00:00,5513.0,5514.0,5506.0,5507.5,5656
2025-05-16 08:30:00+00:00,5516.0,5524.0,5511.5,5512.0,13605
2025-05-16 08:45:00+00:00,5508.5,5516.0,5504.5,5516.0,11118
2025-05-16 09:00:00+00:00,5508.0,5510.0,5505.0,5509.0,6929
2025-05-16 09:15:00+00:00,5501.0,5515.5,5501.0,5508.0,11744
2025-05-16 09:30:00+00:00,5509.5,5514.0,5503.0,5503.0,31459
2025-05-16 09:45:00+00:00,5510.0,5513.0,5505.0,5507.5,37766
2025-05-19 03:45:00+00:00,5566.0,5567.5,5516.5,5524.5,17061
2025-05-19 04:00:00+00:00,5610.0,5612.0,5553.5,5566.0,89714
2025-05-19 04:15:00+00:00,5615.0,5627.0,5600.0,5609.5,93697
2025-05-19 04:30:00+00:00,5620.0,5625.0,5605.5,5613.0,33600
2025-05-19 04:45:00+00:00,5610.0,5620.0,5607.0,5619.0,24224
2025-05-19 05:00:00+00:00,5603.0,5619.5,5601.5,5610.0,19101
2025-05-19 05:15:00+00:00,5611.0,5613.5,5600.0,5602.5,18821
2025-05-19 05:30:00+00:00,5603.5,5615.0,5600.0,5611.5,16008
2025-05-19 05:45:00+00:00,5609.5,5610.0,5600.0,5604.0,11777
2025-05-19 06:00:00+00:00,5582.0,5610.0,5578.0,5610.0,28361
2025-05-19 06:15:00+00:00,5598.5,5603.0,5572.5,5582.5,18915
2025-05-19 06:30:00+00:00,5595.0,5598.5,5590.0,5598.5,7111
2025-05-19 06:45:00+00:00,5583.5,5595.0,5581.0,5593.0,15307
2025-05-19 07:00:00+00:00,5589.5,5589.5,5581.0,5581.5,9303
2025-05-19 07:15:00+00:00,5584.5,5592.5,5581.5,5589.0,6626
2025-05-19 07:30:00+00:00,5584.0,5585.0,5580.0,5584.0,4041
2025-05-19 07:45:00+00:00,5585.0,5585.0,5580.5,5582.0,4293
2025-05-19 08:00:00+00:00,5583.5,5585.0,5580.0,5585.0,8870
2025-05-19 08:15:00+00:00,5584.0,5585.0,5581.0,5584.5,3405
2025-05-19 08:30:00+00:00,5564.5,5585.0,5557.0,5584.0,15480
2025-05-19 08:45:00+00:00,5559.0,5572.0,5555.5,5568.0,10817
2025-05-19 09:00:00+00:00,5563.5,5565.0,5558.5,5558.5,10140
2025-05-19 09:15:00+00:00,5540.0,5565.0,5537.5,5563.5,23006
2025-05-19 09:30:00+00:00,5531.5,5554.5,5531.5,5540.5,51672
2025-05-19 09:45:00+00:00,5528.0,5532.0,5512.5,5531.0,91643
2025-05-20 03:45:00+00:00,5474.0,5551.0,5474.0,5551.0,24802
2025-05-20 04:00:00+00:00,5446.0,5485.5,5441.0,5474.5,28291
2025-05-20 04:15:00+00:00,5447.0,5447.0,5426.0,5445.0,24514
2025-05-20 04:30:00+00:00,5470.5,5470.5,5433.0,5447.5,17940
2025-05-20 04:45:00+00:00,5464.0,5476.5,5461.5,5472.0,13058
2025-05-20 05:00:00+00:00,5488.0,5490.0,5462.5,5464.0,11004
2025-05-20 05:15:00+00:00,5493.0,5507.5,5484.5,5488.0,15848
2025-05-20 05:30:00+00:00,5495.0,5496.0,5490.0,5492.0,5533
2025-05-20 05:45:00+00:00,5493.5,5498.0,5482.5,5494.5,4908
2025-05-20 06:00:00+00:00,5478.5,5495.0,5475.0,5493.5,6008
2025-05-20 06:15:00+00:00,5466.5,5482.0,5457.0,5478.5,8805
2025-05-20 06:30:00+00:00,5460.5,5469.5,5460.0,5466.5,3714
2025-05-20 06:45:00+00:00,5452.0,5460.5,5448.0,5460.5,7734
2025-05-20 07:00:00+00:00,5452.5,5459.5,5450.5,5453.5,4125
2025-05-20 07:15:00+00:00,5439.0,5455.0,5436.0,5451.5,10094
2025-05-20 07:30:00+00:00,5448.0,5448.0,5431.0,5437.5,7606
2025-05-20 07:45:00+00:00,5444.0,5448.5,5436.0,5445.5,4663
2025-05-20 08:00:00+00:00,5426.0,5446.5,5413.0,5444.0,18653
2025-05-20 08:15:00+00:00,5425.5,5440.5,5421.0,5424.0,8617
2025-05-20 08:30:00+00:00,5406.5,5423.5,5405.0,5422.0,14111
2025-05-20 08:45:00+00:00,5386.0,5407.0,5382.5,5406.5,20375
2025-05-20 09:00:00+00:00,5394.0,5398.0,5380.0,5387.0,27035
2025-05-20 09:15:00+00:00,5387.5,5409.5,5385.5,5393.0,18388
2025-05-20 09:30:00+00:00,5390.0,5395.0,5380.5,5388.5,38898
2025-05-20 09:45:00+00:00,5409.0,5409.0,5381.5,5390.0,42216
2025-05-21 03:45:00+00:00,5411.5,5441.5,5385.0,5409.5,19735
2025-05-21 04:00:00+00:00,5423.0,5437.5,5401.0,5405.5,11569
2025-05-21 04:15:00+00:00,5421.5,5431.0,5415.5,5423.5,7532
2025-05-21 04:30:00+00:00,5439.0,5439.0,5418.0,5424.0,7724
2025-05-21 04:45:00+00:00,5448.0,5455.0,5438.5,5438.5,20696
2025-05-21 05:00:00+00:00,5456.5,5476.5,5446.5,5447.5,15165
2025-05-21 05:15:00+00:00,5464.5,5465.0,5451.5,5456.5,8408
2025-05-21 05:30:00+00:00,5455.0,5467.0,5445.0,5464.0,9109
2025-05-21 05:45:00+00:00,5447.5,5464.5,5440.0,5456.5,6239
2025-05-21 06:00:00+00:00,5448.0,5453.0,5434.5,5446.5,7957
2025-05-21 06:15:00+00:00,5440.0,5448.5,5435.5,5448.0,3536
2025-05-21 06:30:00+00:00,5411.0,5440.0,5411.0,5440.0,9079
2025-05-21 06:45:00+00:00,5411.5,5419.0,5403.5,5413.5,7622
2025-05-21 07:00:00+00:00,5427.5,5433.5,5411.5,5413.5,4325
2025-05-21 07:15:00+00:00,5427.5,5432.0,5416.5,5425.5,4290
2025-05-21 07:30:00+00:00,5424.5,5428.0,5421.0,5427.0,3747
2025-05-21 07:45:00+00:00,5417.5,5433.5,5417.5,5425.0,4023
2025-05-21 08:00:00+00:00,5418.0,5429.0,5414.5,5420.0,4984
2025-05-21 08:15:00+00:00,5414.0,5424.5,5413.0,5418.0,3522
2025-05-21 08:30:00+00:00,5416.5,5416.5,5405.5,5412.5,4831
2025-05-21 08:45:00+00:00,5424.0,5425.5,5415.0,5416.5,4316
2025-05-21 09:00:00+00:00,5418.0,5426.5,5416.5,5424.0,3352
2025-05-21 09:15:00+00:00,5409.5,5421.0,5409.5,5417.0,15151
2025-05-21 09:30:00+00:00,5404.5,5425.0,5401.0,5411.0,70835
2025-05-21 09:45:00+00:00,5400.0,5408.0,5394.0,5404.5,26349
2025-05-22 03:45:00+00:00,5339.5,5392.0,5324.0,5392.0,26837
2025-05-22 04:00:00+00:00,5340.0,5349.0,5326.0,5339.0,22834
2025-05-22 04:15:00+00:00,5345.0,5348.0,5331.0,5339.5,14969
2025-05-22 04:30:00+00:00,5342.5,5354.0,5334.5,5345.0,15650
2025-05-22 04:45:00+00:00,5323.0,5342.5,5323.0,5342.5,17529
2025-05-22 05:00:00+00:00,5349.5,5354.0,5320.0,5323.0,26572
2025-05-22 05:15:00+00:00,5341.0,5354.5,5334.0,5349.5,9847
2025-05-22 05:30:00+00:00,5347.5,5353.0,5338.0,5341.0,16711
2025-05-22 05:45:00+00:00,5345.0,5349.0,5340.5,5347.5,5896
2025-05-22 06:00:00+00:00,5354.0,5357.5,5341.5,5345.0,11164
2025-05-22 06:15:00+00:00,5371.5,5375.5,5351.0,5353.0,15388
2025-05-22 06:30:00+00:00,5360.0,5371.5,5358.0,5371.5,9890
2025-05-22 06:45:00+00:00,5357.0,5362.5,5355.0,5360.0,12285
2025-05-22 07:00:00+00:00,5354.0,5367.5,5354.0,5356.0,10931
2025-05-22 07:15:00+00:00,5356.0,5359.0,5353.5,5355.0,13725
2025-05-22 07:30:00+00:00,5364.5,5367.0,5354.0,5355.5,11719
2025-05-22 07:45:00+00:00,5369.5,5379.0,5360.0,5365.5,13632
2025-05-22 08:00:00+00:00,5371.5,5385.0,5368.5,5370.0,14781
2025-05-22 08:15:00+00:00,5378.0,5380.0,5369.5,5370.0,5383
2025-05-22 08:30:00+00:00,5378.5,5381.0,5374.5,5378.5,5340
2025-05-22 08:45:00+00:00,5364.5,5379.0,5358.5,5379.0,13067
2025-05-22 09:00:00+00:00,5383.5,5385.0,5356.0,5364.5,20230
2025-05-22 09:15:00+00:00,5393.0,5399.0,5370.0,5383.5,26208
2025-05-22 09:30:00+00:00,5390.0,5393.0,5373.0,5392.5,54171
2025-05-22 09:45:00+00:00,5409.0,5410.0,5384.0,5391.0,45935
2025-05-23 03:45:00+00:00,5414.5,5423.5,5376.5,5404.0,8293
2025-05-23 04:00:00+00:00,5418.0,5424.5,5401.0,5413.0,9442
2025-05-23 04:15:00+00:00,5426.5,5430.0,5412.5,5415.0,6993
2025-05-23 04:30:00+00:00,5417.5,5437.5,5407.5,5427.0,11187
2025-05-23 04:45:00+00:00,5408.0,5418.5,5405.0,5417.5,5781
2025-05-23 05:00:00+00:00,5425.5,5425.5,5395.0,5407.5,15979
2025-05-23 05:15:00+00:00,5417.0,5436.0,5412.5,5425.5,23389
2025-05-23 05:30:00+00:00,5413.0,5435.0,5411.5,5420.0,18539
2025-05-23 05:45:00+00:00,5413.5,5415.0,5403.0,5414.0,6644
2025-05-23 06:00:00+00:00,5411.0,5416.0,5410.0,5414.5,8234
2025-05-23 06:15:00+00:00,5402.0,5411.0,5400.0,5411.0,5834
2025-05-23 06:30:00+00:00,5403.0,5410.5,5401.0,5402.0,5096
2025-05-23 06:45:00+00:00,5410.5,5414.0,5400.0,5402.0,3426
2025-05-23 07:00:00+00:00,5419.5,5425.5,5406.5,5410.5,9753
2025-05-23 07:15:00+00:00,5416.5,5420.0,5408.0,5419.0,2614
2025-05-23 07:30:00+00:00,5407.0,5417.0,5407.0,5416.0,8889
2025-05-23 07:45:00+00:00,5405.0,5410.0,5403.0,5407.0,4728
2025-05-23 08:00:00+00:00,5403.0,5408.5,5401.0,5405.0,2697
2025-05-23 08:15:00+00:00,5407.0,5409.5,5400.5,5401.0,1954
2025-05-23 08:30:00+00:00,5401.5,5409.0,5400.0,5407.5,2957
2025-05-23 08:45:00+00:00,5407.5,5407.5,5400.5,5403.5,2591
2025-05-23 09:00:00+00:00,5403.0,5407.5,5397.5,5406.0,29114
2025-05-23 09:15:00+00:00,5404.5,5406.0,5396.0,5403.0,23184
2025-05-23 09:30:00+00:00,5403.0,5410.0,5398.0,5405.0,23614
2025-05-23 09:45:00+00:00,5394.0,5404.0,5390.0,5402.5,30078
2025-05-26 03:45:00+00:00,5459.5,5459.5,5403.5,5403.5,21516
2025-05-26 04:00:00+00:00,5453.5,5467.5,5451.5,5463.0,12476
2025-05-26 04:15:00+00:00,5462.5,5472.5,5453.0,5455.5,11737
2025-05-26 04:30:00+00:00,5457.5,5463.0,5453.0,5462.5,4987
2025-05-26 04:45:00+00:00,5441.5,5459.5,5440.0,5459.0,6372
2025-05-26 05:00:00+00:00,5441.5,5445.0,5433.0,5441.5,7344
2025-05-26 05:15:00+00:00,5439.0,5446.5,5436.0,5443.0,7477
2025-05-26 05:30:00+00:00,5434.5,5441.0,5431.5,5439.0,7791
2025-05-26 05:45:00+00:00,5430.0,5448.5,5425.0,5435.5,19837
2025-05-26 06:00:00+00:00,5427.5,5435.0,5422.0,5430.0,8110
2025-05-26 06:15:00+00:00,5446.0,5458.0,5428.5,5428.5,36450
2025-05-26 06:30:00+00:00,5465.5,5466.0,5443.0,5446.0,24032
2025-05-26 06:45:00+00:00,5464.5,5470.0,5449.5,5467.0,29452
2025-05-26 07:00:00+00:00,5452.0,5465.0,5452.0,5465.0,3570
2025-05-26 07:15:00+00:00,5438.0,5458.5,5432.0,5451.5,17127
2025-05-26 07:30:00+00:00,5435.0,5444.5,5435.0,5439.0,3872
2025-05-26 07:45:00+00:00,5431.0,5437.5,5430.0,5435.0,3992
2025-05-26 08:00:00+00:00,5437.0,5440.0,5428.0,5431.0,3841
2025-05-26 08:15:00+00:00,5427.5,5444.0,5425.0,5437.0,12635
2025-05-26 08:30:00+00:00,5423.0,5432.0,5421.0,5429.0,19523
2025-05-26 08:45:00+00:00,5420.5,5425.0,5415.0,5423.0,5375
2025-05-26 09:00:00+00:00,5421.5,5425.0,5412.0,5418.5,15409
2025-05-26 09:15:00+00:00,5428.0,5431.5,5415.5,5423.5,17912
2025-05-26 09:30:00+00:00,5429.0,5433.5,5425.5,5429.5,10392
2025-05-26 09:45:00+00:00,5426.0,5431.5,5421.5,5429.0,13502
2025-05-27 03:45:00+00:00,5407.5,5421.0,5394.0,5420.0,14411
2025-05-27 04:00:00+00:00,5403.5,5419.0,5401.5,5407.0,14972
2025-05-27 04:15:00+00:00,5382.0,5403.5,5376.0,5403.0,20772
2025-05-27 04:30:00+00:00,5389.5,5395.5,5377.5,5382.0,14804
2025-05-27 04:45:00+00:00,5406.5,5410.0,5386.0,5389.5,19155
2025-05-27 05:00:00+00:00,5410.0,5414.0,5400.5,5407.0,7161
2025-05-27 05:15:00+00:00,5407.0,5418.0,5406.0,5410.0,6045
2025-05-27 05:30:00+00:00,5413.0,5420.0,5406.0,5407.0,8216
2025-05-27 05:45:00+00:00,5429.5,5433.0,5412.0,5413.5,12338
2025-05-27 06:00:00+00:00,5435.0,5445.0,5428.5,5431.5,8462
2025-05-27 06:15:00+00:00,5437.0,5442.0,5429.0,5433.5,7321
2025-05-27 06:30:00+00:00,5440.0,5444.0,5431.0,5439.0,7657
2025-05-27 06:45:00+00:00,5421.5,5440.5,5413.5,5440.0,9616
2025-05-27 07:00:00+00:00,5424.5,5427.5,5416.0,5420.5,10041
2025-05-27 07:15:00+00:00,5428.5,5433.5,5422.0,5423.0,8517
2025-05-27 07:30:00+00:00,5425.5,5430.0,5421.5,5430.0,6895
2025-05-27 07:45:00+00:00,5426.5,5431.5,5417.5,5425.5,6220
2025-05-27 08:00:00+00:00,5419.0,5428.5,5417.5,5425.5,3645
2025-05-27 08:15:00+00:00,5411.5,5421.0,5409.0,5421.0,6127
2025-05-27 08:30:00+00:00,5400.0,5415.5,5400.0,5410.0,21715
2025-05-27 08:45:00+00:00,5390.0,5401.0,5383.5,5401.0,14002
2025-05-27 09:00:00+00:00,5395.0,5396.0,5387.0,5390.0,12712
2025-05-27 09:15:00+00:00,5389.5,5395.5,5382.5,5395.5,28585
2025-05-27 09:30:00+00:00,5402.0,5402.0,5379.0,5390.0,69274
2025-05-27 09:45:00+00:00,5389.5,5408.5,5378.0,5401.5,101127
2025-05-28 03:45:00+00:00,5375.5,5409.5,5375.5,5409.5,13603
2025-05-28 04:00:00+00:00,5363.5,5376.5,5360.0,5376.5,20793
2025-05-28 04:15:00+00:00,5365.0,5368.0,5352.0,5365.0,13790
2025-05-28 04:30:00+00:00,5357.0,5365.0,5352.5,5364.0,7585
2025-05-28 04:45:00+00:00,5349.0,5357.5,5348.0,5356.0,14776
2025-05-28 05:00:00+00:00,5361.5,5363.0,5346.0,5350.5,8624
2025-05-28 05:15:00+00:00,5378.5,5379.0,5359.5,5363.0,30959
2025-05-28 05:30:00+00:00,5389.0,5389.0,5373.0,5379.0,10990
2025-05-28 05:45:00+00:00,5363.0,5389.0,5361.5,5389.0,10495
2025-05-28 06:00:00+00:00,5364.0,5370.0,5360.0,5363.0,5794
2025-05-28 06:15:00+00:00,5365.0,5370.0,5360.0,5361.5,8493
2025-05-28 06:30:00+00:00,5364.5,5368.0,5360.5,5366.0,5034
2025-05-28 06:45:00+00:00,5362.5,5369.0,5362.5,5364.5,3980
2025-05-28 07:00:00+00:00,5371.5,5376.0,5363.5,5365.0,58105
2025-05-28 07:15:00+00:00,5370.5,5375.0,5370.0,5371.5,10442
2025-05-28 07:30:00+00:00,5361.5,5372.5,5360.0,5370.5,20950
2025-05-28 07:45:00+00:00,5358.5,5361.5,5353.0,5361.5,4735
2025-05-28 08:00:00+00:00,5358.0,5360.0,5355.0,5358.5,2627
2025-05-28 08:15:00+00:00,5354.0,5361.0,5352.0,5355.0,3848
2025-05-28 08:30:00+00:00,5354.0,5355.5,5350.0,5353.5,3990
2025-05-28 08:45:00+00:00,5353.5,5357.5,5351.0,5352.5,2827
2025-05-28 09:00:00+00:00,5340.5,5357.0,5340.5,5353.5,10036
2025-05-28 09:15:00+00:00,5342.5,5346.0,5338.5,5341.0,14663
2025-05-28 09:30:00+00:00,5327.0,5346.0,5325.0,5343.5,37836
2025-05-28 09:45:00+00:00,5326.5,5331.0,5314.5,5327.0,48432
2025-05-29 03:45:00+00:00,5313.0,5329.0,5306.5,5325.0,10300
2025-05-29 04:00:00+00:00,5324.5,5326.0,5308.0,5313.5,14074
2025-05-29 04:15:00+00:00,5332.0,5346.0,5322.0,5323.0,32998
2025-05-29 04:30:00+00:00,5338.0,5346.0,5326.0,5332.0,17365
2025-05-29 04:45:00+00:00,5327.0,5340.0,5327.0,5340.0,10594
2025-05-29 05:00:00+00:00,5310.5,5328.0,5310.5,5326.5,42391
2025-05-29 05:15:00+00:00,5302.5,5310.5,5300.0,5310.5,28753
2025-05-29 05:30:00+00:00,5290.0,5303.5,5288.0,5303.5,22389
2025-05-29 05:45:00+00:00,5298.0,5300.0,5290.0,5291.0,10939
2025-05-29 06:00:00+00:00,5297.0,5302.0,5295.0,5298.0,12608
2025-05-29 06:15:00+00:00,5301.5,5302.0,5294.5,5297.0,14369
2025-05-29 06:30:00+00:00,5315.0,5320.5,5299.5,5302.0,47214
2025-05-29 06:45:00+00:00,5325.5,5334.0,5314.0,5315.5,31769
2025-05-29 07:00:00+00:00,5346.5,5352.0,5325.5,5325.5,70387
2025-05-29 07:15:00+00:00,5346.5,5359.0,5339.0,5348.5,16866
2025-05-29 07:30:00+00:00,5336.0,5351.5,5335.5,5348.0,13378
2025-05-29 07:45:00+00:00,5349.5,5352.0,5336.0,5336.5,48643
2025-05-29 08:00:00+00:00,5351.5,5358.0,5348.5,5351.0,14223
2025-05-29 08:15:00+00:00,5351.0,5354.5,5349.5,5351.5,12218
2025-05-29 08:30:00+00:00,5352.5,5355.0,5350.0,5352.5,12648
2025-05-29 08:45:00+00:00,5356.5,5356.5,5348.5,5352.5,19618
2025-05-29 09:00:00+00:00,5354.0,5357.0,5351.5,5355.5,13050
2025-05-29 09:15:00+00:00,5361.5,5361.5,5349.5,5354.0,25113
2025-05-29 09:30:00+00:00,5388.5,5389.0,5359.5,5359.5,78028
2025-05-29 09:45:00+00:00,5379.0,5396.5,5368.0,5387.5,69751
2025-05-30 03:45:00+00:00,5396.0,5402.5,5345.5,5380.0,13405
2025-05-30 04:00:00+00:00,5392.0,5399.5,5384.0,5397.5,9914
2025-05-30 04:15:00+00:00,5380.5,5395.0,5370.5,5391.5,8913
2025-05-30 04:30:00+00:00,5379.5,5389.0,5372.0,5381.0,8678
2025-05-30 04:45:00+00:00,5368.0,5379.0,5353.5,5379.0,28472
2025-05-30 05:00:00+00:00,5366.0,5376.0,5361.5,5368.0,10980
2025-05-30 05:15:00+00:00,5368.5,5375.0,5360.0,5365.0,13425
2025-05-30 05:30:00+00:00,5376.0,5380.0,5368.5,5368.5,9865
2025-05-30 05:45:00+00:00,5380.0,5384.5,5371.5,5376.0,11252
2025-05-30 06:00:00+00:00,5363.0,5380.0,5362.0,5380.0,7190
2025-05-30 06:15:00+00:00,5361.5,5370.0,5361.5,5363.0,19863
2025-05-30 06:30:00+00:00,5356.0,5364.5,5353.0,5358.5,25501
2025-05-30 06:45:00+00:00,5344.5,5352.0,5341.5,5343.0,17234
2025-05-30 07:00:00+00:00,5335.0,5345.0,5334.5,5345.0,9201
2025-05-30 07:15:00+00:00,5338.0,5348.0,5333.0,5335.0,16504
2025-05-30 07:30:00+00:00,5340.5,5341.5,5336.5,5340.0,4880
2025-05-30 07:45:00+00:00,5337.0,5342.5,5333.5,5339.0,9059
2025-05-30 08:00:00+00:00,5337.5,5339.5,5334.5,5338.5,8571
2025-05-30 08:15:00+00:00,5327.5,5338.5,5325.5,5337.5,15655
2025-05-30 08:30:00+00:00,5323.5,5331.5,5322.0,5327.5,10442
2025-05-30 08:45:00+00:00,5325.0,5326.0,5321.5,5323.5,5307
2025-05-30 09:00:00+00:00,5333.5,5333.5,5323.5,5323.5,8301
2025-05-30 09:15:00+00:00,5341.0,5346.0,5330.0,5331.0,7643
2025-05-30 09:30:00+00:00,5331.5,5354.5,5320.0,5341.0,335333
2025-05-30 09:45:00+00:00,5333.5,5364.0,5331.0,5333.0,285762
2025-06-02 03:45:00+00:00,5371.0,5385.0,5346.5,5353.0,16376
2025-06-02 04:00:00+00:00,5349.0,5376.5,5337.0,5374.0,63164
2025-06-02 04:15:00+00:00,5353.5,5363.0,5347.0,5347.0,12168
2025-06-02 04:30:00+00:00,5337.0,5360.0,5317.0,5353.5,32530
2025-06-02 04:45:00+00:00,5348.5,5350.0,5335.5,5336.5,4795
2025-06-02 05:00:00+00:00,5355.0,5360.0,5347.0,5348.5,19995
2025-06-02 05:15:00+00:00,5344.5,5357.0,5342.0,5357.0,32689
2025-06-02 05:30:00+00:00,5358.5,5359.0,5341.0,5344.5,33836
2025-06-02 05:45:00+00:00,5341.0,5359.5,5336.0,5358.5,13633
2025-06-02 06:00:00+00:00,5351.0,5351.0,5336.0,5340.0,36749
2025-06-02 06:15:00+00:00,5353.0,5359.5,5350.5,5350.5,13465
2025-06-02 06:30:00+00:00,5351.0,5354.0,5350.0,5352.5,8719
2025-06-02 06:45:00+00:00,5353.5,5365.5,5350.5,5352.0,11697
2025-06-02 07:00:00+00:00,5351.5,5355.0,5350.0,5353.0,336962
2025-06-02 07:15:00+00:00,5335.5,5352.0,5332.5,5351.5,8441
2025-06-02 07:30:00+00:00,5348.0,5348.0,5335.5,5335.5,10723
2025-06-02 07:45:00+00:00,5353.0,5354.0,5342.0,5348.0,2752
2025-06-02 08:00:00+00:00,5355.0,5355.0,5342.0,5353.0,21758
2025-06-02 08:15:00+00:00,5359.5,5359.5,5350.0,5355.0,2439
2025-06-02 08:30:00+00:00,5354.5,5362.5,5351.5,5359.5,6480
2025-06-02 08:45:00+00:00,5352.0,5360.5,5350.0,5354.5,9181
2025-06-02 09:00:00+00:00,5352.0,5352.0,5350.0,5351.5,14895
2025-06-02 09:15:00+00:00,5355.5,5357.5,5350.5,5352.0,10441
2025-06-02 09:30:00+00:00,5364.5,5370.0,5355.5,5355.5,38213
2025-06-02 09:45:00+00:00,5361.0,5363.5,5350.0,5363.5,15016
2025-06-03 03:45:00+00:00,5386.0,5403.0,5375.5,5391.0,14453
2025-06-03 04:00:00+00:00,5359.5,5381.5,5359.0,5381.5,16708
2025-06-03 04:15:00+00:00,5331.5,5365.0,5331.5,5360.0,18849
2025-06-03 04:30:00+00:00,5348.5,5348.5,5327.0,5331.5,14001
2025-06-03 04:45:00+00:00,5342.0,5353.5,5341.5,5348.5,11557
2025-06-03 05:00:00+00:00,5335.0,5354.0,5330.0,5342.0,12245
2025-06-03 05:15:00+00:00,5337.0,5339.0,5329.5,5334.5,10244
2025-06-03 05:30:00+00:00,5317.5,5336.0,5317.5,5336.0,11695
2025-06-03 05:45:00+00:00,5310.0,5318.0,5306.0,5315.0,10237
2025-06-03 06:00:00+00:00,5305.5,5311.5,5296.0,5310.0,13528
2025-06-03 06:15:00+00:00,5309.0,5312.0,5302.5,5304.5,14915
2025-06-03 06:30:00+00:00,5315.0,5317.5,5307.5,5310.0,14085
2025-06-03 06:45:00+00:00,5320.5,5324.5,5307.0,5315.0,11680
2025-06-03 07:00:00+00:00,5317.5,5324.0,5315.5,5319.5,13497
2025-06-03 07:15:00+00:00,5307.0,5317.0,5303.0,5317.0,11022
2025-06-03 07:30:00+00:00,5323.5,5325.0,5307.0,5307.0,14190
2025-06-03 07:45:00+00:00,5318.5,5329.0,5315.5,5323.0,12265
2025-06-03 08:00:00+00:00,5325.0,5329.0,5317.0,5317.0,10740
2025-06-03 08:15:00+00:00,5329.0,5330.5,5324.0,5326.0,11962
2025-06-03 08:30:00+00:00,5336.0,5337.0,5328.0,5329.5,11320
2025-06-03 08:45:00+00:00,5341.0,5346.0,5332.0,5336.0,19999
2025-06-03 09:00:00+00:00,5350.0,5360.5,5340.5,5340.5,29371
2025-06-03 09:15:00+00:00,5346.0,5356.5,5344.0,5351.0,24194
2025-06-03 09:30:00+00:00,5357.0,5362.5,5342.5,5345.0,61679
2025-06-03 09:45:00+00:00,5350.0,5360.0,5343.5,5356.5,48682
2025-06-04 03:45:00+00:00,5360.0,5364.0,5339.0,5352.5,12280
2025-06-04 04:00:00+00:00,5368.0,5368.0,5351.5,5360.0,10102
2025-06-04 04:15:00+00:00,5372.0,5373.0,5351.5,5365.5,13346
2025-06-04 04:30:00+00:00,5380.0,5381.5,5369.5,5370.0,11303
2025-06-04 04:45:00+00:00,5353.0,5381.5,5352.0,5380.0,12370
2025-06-04 05:00:00+00:00,5348.0,5366.0,5345.5,5356.0,20154
2025-06-04 05:15:00+00:00,5335.0,5348.5,5334.5,5348.5,6558
2025-06-04 05:30:00+00:00,5334.5,5340.0,5326.5,5335.5,4855
2025-06-04 05:45:00+00:00,5328.0,5337.0,5325.5,5334.0,6125
2025-06-04 06:00:00+00:00,5326.0,5330.0,5322.0,5328.0,6369
2025-06-04 06:15:00+00:00,5314.0,5327.0,5310.0,5326.0,7565
2025-06-04 06:30:00+00:00,5318.5,5319.0,5310.0,5314.0,6247
2025-06-04 06:45:00+00:00,5322.5,5322.5,5313.5,5318.5,7682
2025-06-04 07:00:00+00:00,5318.5,5323.5,5312.5,5323.5,3984
2025-06-04 07:15:00+00:00,5328.0,5328.5,5318.5,5318.5,6671
2025-06-04 07:30:00+00:00,5324.0,5329.5,5320.5,5328.5,5436
2025-06-04 07:45:00+00:00,5322.5,5324.5,5320.0,5324.0,4696
2025-06-04 08:00:00+00:00,5325.5,5327.0,5320.5,5324.5,6140
2025-06-04 08:15:00+00:00,5325.5,5327.0,5324.5,5325.5,4888
2025-06-04 08:30:00+00:00,5321.5,5327.5,5320.0,5325.5,10836
2025-06-04 08:45:00+00:00,5324.0,5326.0,5321.0,5321.0,4388
2025-06-04 09:00:00+00:00,5325.0,5331.0,5322.0,5324.0,11942
2025-06-04 09:15:00+00:00,5325.0,5325.0,5323.5,5325.0,6662
2025-06-04 09:30:00+00:00,5322.5,5338.5,5319.0,5325.0,64166
2025-06-04 09:45:00+00:00,5319.5,5324.0,5296.5,5322.5,67086
2025-06-05 03:45:00+00:00,5320.0,5322.0,5286.5,5320.0,7591
2025-06-05 04:00:00+00:00,5324.5,5327.0,5314.0,5327.0,15083
2025-06-05 04:15:00+00:00,5330.0,5338.0,5325.0,5327.0,15086
2025-06-05 04:30:00+00:00,5318.5,5329.0,5312.5,5329.0,6511
2025-06-05 04:45:00+00:00,5303.5,5318.0,5299.5,5317.0,10800
2025-06-05 05:00:00+00:00,5312.5,5330.0,5300.0,5303.5,35956
2025-06-05 05:15:00+00:00,5298.0,5320.5,5290.0,5314.0,16126
2025-06-05 05:30:00+00:00,5301.0,5301.0,5297.0,5297.0,9698
2025-06-05 05:45:00+00:00,5305.5,5308.0,5299.0,5300.5,9934
2025-06-05 06:00:00+00:00,5298.5,5304.5,5296.0,5304.5,22639
2025-06-05 06:15:00+00:00,5306.0,5310.0,5295.0,5298.5,19475
2025-06-05 06:30:00+00:00,5327.0,5334.0,5305.0,5305.0,34134
2025-06-05 06:45:00+00:00,5321.0,5330.0,5316.0,5327.0,23024
2025-06-05 07:00:00+00:00,5320.0,5329.0,5317.0,5321.0,13600
2025-06-05 07:15:00+00:00,5312.5,5325.5,5312.5,5319.5,14159
2025-06-05 07:30:00+00:00,5326.0,5328.5,5310.0,5313.0,15910
2025-06-05 07:45:00+00:00,5315.5,5326.0,5313.5,5324.0,9897
2025-06-05 08:00:00+00:00,5305.5,5315.0,5301.5,5314.5,14545
2025-06-05 08:15:00+00:00,5303.5,5313.0,5300.0,5306.5,16627
2025-06-05 08:30:00+00:00,5313.0,5315.5,5303.5,5304.5,14021
2025-06-05 08:45:00+00:00,5314.0,5316.5,5305.0,5313.0,9470
2025-06-05 09:00:00+00:00,5320.0,5320.0,5307.5,5313.0,12511
2025-06-05 09:15:00+00:00,5316.5,5329.0,5315.0,5320.0,11931
2025-06-05 09:30:00+00:00,5306.0,5318.5,5303.0,5316.0,40565
2025-06-05 09:45:00+00:00,5308.5,5313.5,5303.0,5305.5,37115
2025-06-06 03:45:00+00:00,5282.5,5300.5,5281.0,5291.5,27102
2025-06-06 04:00:00+00:00,5267.0,5280.5,5266.0,5280.5,16870
2025-06-06 04:15:00+00:00,5290.5,5295.0,5262.0,5265.0,27449
2025-06-06 04:30:00+00:00,5313.5,5318.5,5285.0,5289.5,22732
2025-06-06 04:45:00+00:00,5335.5,5341.0,5309.0,5313.5,20027
2025-06-06 05:00:00+00:00,5350.0,5359.5,5328.5,5335.5,23924
2025-06-06 05:15:00+00:00,5360.0,5364.0,5345.0,5351.0,20461
2025-06-06 05:30:00+00:00,5349.0,5360.0,5345.5,5360.0,15520
2025-06-06 05:45:00+00:00,5352.5,5355.0,5349.0,5349.0,9548
2025-06-06 06:00:00+00:00,5378.0,5380.0,5352.5,5352.5,33825
2025-06-06 06:15:00+00:00,5376.0,5383.0,5370.0,5376.0,26861
2025-06-06 06:30:00+00:00,5377.0,5380.0,5372.0,5375.5,21565
2025-06-06 06:45:00+00:00,5375.5,5380.0,5373.5,5375.5,10149
2025-06-06 07:00:00+00:00,5375.5,5376.0,5362.0,5375.5,36613
2025-06-06 07:15:00+00:00,5378.5,5380.0,5375.0,5376.0,29065
2025-06-06 07:30:00+00:00,5375.0,5378.5,5363.5,5378.5,26726
2025-06-06 07:45:00+00:00,5371.5,5377.0,5366.0,5375.0,12577
2025-06-06 08:00:00+00:00,5367.0,5374.0,5364.0,5369.5,6160
2025-06-06 08:15:00+00:00,5369.0,5371.0,5361.5,5367.5,8536
2025-06-06 08:30:00+00:00,5370.0,5373.5,5365.5,5369.0,12128
2025-06-06 08:45:00+00:00,5378.0,5379.0,5366.0,5367.0,11926
2025-06-06 09:00:00+00:00,5375.0,5378.5,5370.0,5378.0,18501
2025-06-06 09:15:00+00:00,5388.0,5392.0,5372.5,5375.0,25220
2025-06-06 09:30:00+00:00,5399.5,5404.5,5381.5,5389.0,34661
2025-06-06 09:45:00+00:00,5397.0,5404.0,5390.0,5399.5,39913
2025-06-09 03:45:00+00:00,5420.0,5444.0,5407.0,5411.5,12507
2025-06-09 04:00:00+00:00,5412.0,5430.5,5406.0,5417.5,11544
2025-06-09 04:15:00+00:00,5407.0,5412.5,5401.0,5412.0,10209
2025-06-09 04:30:00+00:00,5391.0,5409.5,5390.0,5408.5,13393
2025-06-09 04:45:00+00:00,5389.5,5397.5,5383.5,5391.0,25664
2025-06-09 05:00:00+00:00,5385.0,5390.5,5380.0,5390.0,8422
2025-06-09 05:15:00+00:00,5393.5,5398.5,5385.0,5385.0,7290
2025-06-09 05:30:00+00:00,5392.0,5398.5,5390.0,5393.5,7974
2025-06-09 05:45:00+00:00,5388.0,5392.0,5385.0,5392.0,4484
2025-06-09 06:00:00+00:00,5381.5,5391.5,5380.5,5388.0,4431
2025-06-09 06:15:00+00:00,5382.0,5386.5,5381.0,5381.5,5051
2025-06-09 06:30:00+00:00,5382.0,5386.5,5380.0,5384.0,3739
2025-06-09 06:45:00+00:00,5390.0,5390.0,5380.0,5382.0,3861
2025-06-09 07:00:00+00:00,5403.0,5408.0,5390.0,5390.0,11320
2025-06-09 07:15:00+00:00,5399.0,5404.5,5395.5,5403.0,9035
2025-06-09 07:30:00+00:00,5401.0,5404.0,5396.5,5400.0,6207
2025-06-09 07:45:00+00:00,5400.0,5403.5,5397.0,5403.0,7393
2025-06-09 08:00:00+00:00,5399.5,5400.5,5397.0,5400.0,7915
2025-06-09 08:15:00+00:00,5400.0,5404.5,5396.5,5400.0,8605
2025-06-09 08:30:00+00:00,5394.5,5400.0,5394.5,5400.0,8336
2025-06-09 08:45:00+00:00,5398.0,5399.5,5390.0,5397.0,12554
2025-06-09 09:00:00+00:00,5395.5,5400.0,5395.0,5398.0,9684
2025-06-09 09:15:00+00:00,5388.0,5398.0,5386.0,5395.5,12009
2025-06-09 09:30:00+00:00,5390.5,5393.5,5386.5,5387.5,19683
2025-06-09 09:45:00+00:00,5391.0,5397.0,5380.0,5390.0,20056
2025-06-10 03:45:00+00:00,5392.0,5417.5,5391.0,5414.5,17424
2025-06-10 04:00:00+00:00,5399.5,5402.0,5389.0,5391.5,4116
2025-06-10 04:15:00+00:00,5405.5,5418.5,5396.5,5399.5,26198
2025-06-10 04:30:00+00:00,5412.0,5417.5,5400.0,5405.5,33683
2025-06-10 04:45:00+00:00,5411.0,5419.0,5410.0,5415.0,4999
2025-06-10 05:00:00+00:00,5411.0,5418.0,5410.0,5412.5,7009
2025-06-10 05:15:00+00:00,5408.0,5424.0,5408.0,5411.0,90354
2025-06-10 05:30:00+00:00,5403.0,5410.5,5398.5,5409.0,2962
2025-06-10 05:45:00+00:00,5407.5,5409.5,5400.0,5405.0,4333
2025-06-10 06:00:00+00:00,5405.0,5411.0,5402.5,5409.5,5443
2025-06-10 06:15:00+00:00,5417.0,5417.0,5402.0,5406.5,5549
2025-06-10 06:30:00+00:00,5410.0,5419.0,5407.5,5417.0,9361
2025-06-10 06:45:00+00:00,5400.0,5410.5,5399.0,5408.0,7832
2025-06-10 07:00:00+00:00,5400.0,5400.5,5394.0,5400.0,4433
2025-06-10 07:15:00+00:00,5402.5,5404.5,5398.0,5400.0,5207
2025-06-10 07:30:00+00:00,5402.5,5405.0,5400.0,5403.5,7019
2025-06-10 07:45:00+00:00,5399.0,5404.0,5396.5,5403.5,9433
2025-06-10 08:00:00+00:00,5396.0,5399.0,5394.0,5399.0,4791
2025-06-10 08:15:00+00:00,5395.5,5399.0,5392.5,5399.0,5188
2025-06-10 08:30:00+00:00,5395.0,5398.5,5393.0,5396.0,3931
2025-06-10 08:45:00+00:00,5386.0,5396.5,5386.0,5396.5,6900
2025-06-10 09:00:00+00:00,5383.0,5392.0,5381.0,5386.0,11163
2025-06-10 09:15:00+00:00,5376.0,5383.5,5372.0,5383.5,6861
2025-06-10 09:30:00+00:00,5379.0,5381.5,5372.5,5377.5,22651
2025-06-10 09:45:00+00:00,5385.0,5385.0,5374.5,5379.0,23816
2025-06-11 03:45:00+00:00,5419.5,5433.5,5370.5,5383.5,15398
2025-06-11 04:00:00+00:00,5397.0,5420.5,5393.5,5419.0,40675
2025-06-11 04:15:00+00:00,5392.5,5400.0,5389.0,5399.0,24971
2025-06-11 04:30:00+00:00,5395.0,5406.0,5388.5,5392.5,11542
2025-06-11 04:45:00+00:00,5384.0,5395.5,5383.5,5395.0,5178
2025-06-11 05:00:00+00:00,5390.0,5391.5,5381.0,5386.5,4877
2025-06-11 05:15:00+00:00,5385.0,5390.5,5383.0,5390.5,7254
2025-06-11 05:30:00+00:00,5384.5,5397.0,5377.0,5383.5,34211
2025-06-11 05:45:00+00:00,5379.5,5391.0,5377.0,5385.0,25050
2025-06-11 06:00:00+00:00,5375.0,5379.5,5371.5,5379.5,5816
2025-06-11 06:15:00+00:00,5374.5,5375.0,5371.0,5375.0,8216
2025-06-11 06:30:00+00:00,5381.0,5388.0,5374.0,5375.0,15295
2025-06-11 06:45:00+00:00,5379.5,5382.5,5373.0,5381.0,21861
2025-06-11 07:00:00+00:00,5372.5,5380.0,5371.5,5380.0,15853
2025-06-11 07:15:00+00:00,5371.0,5372.5,5368.5,5372.5,5551
2025-06-11 07:30:00+00:00,5373.0,5374.5,5367.5,5371.5,5333
2025-06-11 07:45:00+00:00,5356.5,5373.0,5356.0,5372.5,7692
2025-06-11 08:00:00+00:00,5364.0,5364.0,5353.0,5355.0,6063
2025-06-11 08:15:00+00:00,5362.5,5368.0,5355.0,5364.0,5286
2025-06-11 08:30:00+00:00,5362.0,5364.5,5355.0,5364.5,4137
2025-06-11 08:45:00+00:00,5370.5,5381.0,5359.0,5362.0,9459
2025-06-11 09:00:00+00:00,5370.0,5373.0,5365.0,5371.0,5503
2025-06-11 09:15:00+00:00,5358.0,5370.0,5358.0,5370.0,6038
2025-06-11 09:30:00+00:00,5355.5,5362.5,5351.0,5358.0,27490
2025-06-11 09:45:00+00:00,5352.0,5355.5,5343.0,5355.0,24372
2025-06-12 03:45:00+00:00,5354.0,5365.5,5351.5,5362.0,8151
2025-06-12 04:00:00+00:00,5343.0,5359.5,5336.0,5357.5,9911
2025-06-12 04:15:00+00:00,5360.0,5369.5,5341.0,5341.5,9421
2025-06-12 04:30:00+00:00,5359.5,5362.5,5350.0,5362.0,3804
2025-06-12 04:45:00+00:00,5355.0,5364.0,5355.0,5360.0,2356
2025-06-12 05:00:00+00:00,5350.0,5360.0,5350.0,5356.5,5790
2025-06-12 05:15:00+00:00,5353.5,5355.0,5350.0,5350.0,6987
2025-06-12 05:30:00+00:00,5352.0,5355.0,5346.5,5350.5,6702
2025-06-12 05:45:00+00:00,5359.0,5375.0,5351.5,5353.0,15105
2025-06-12 06:00:00+00:00,5353.5,5361.5,5350.0,5361.0,2856
2025-06-12 06:15:00+00:00,5354.0,5363.5,5353.0,5353.5,2635
2025-06-12 06:30:00+00:00,5358.5,5359.5,5350.0,5350.5,6123
2025-06-12 06:45:00+00:00,5354.0,5359.0,5354.0,5359.0,1417
2025-06-12 07:00:00+00:00,5353.0,5355.0,5350.0,5350.0,5962
2025-06-12 07:15:00+00:00,5350.5,5354.5,5350.5,5354.0,5890
2025-06-12 07:30:00+00:00,5359.5,5365.0,5350.0,5352.0,8909
2025-06-12 07:45:00+00:00,5350.0,5363.0,5345.0,5360.0,26645
2025-06-12 08:00:00+00:00,5342.5,5355.0,5335.0,5347.0,57643
2025-06-12 08:15:00+00:00,5323.5,5342.5,5319.0,5342.0,17407
2025-06-12 08:30:00+00:00,5313.0,5329.0,5305.0,5323.5,12282
2025-06-12 08:45:00+00:00,5318.0,5330.0,5310.0,5313.0,7509
2025-06-12 09:00:00+00:00,5318.5,5324.5,5306.0,5319.5,15879
2025-06-12 09:15:00+00:00,5315.5,5323.5,5314.5,5317.0,15066
2025-06-12 09:30:00+00:00,5315.0,5327.0,5310.0,5321.0,53519
2025-06-12 09:45:00+00:00,5310.0,5317.0,5302.0,5314.0,29239
2025-06-13 03:45:00+00:00,5254.5,5266.5,5231.0,5250.0,12333
2025-06-13 04:00:00+00:00,5243.0,5254.0,5231.0,5254.0,16776
2025-06-13 04:15:00+00:00,5241.0,5247.0,5220.5,5243.0,13160
2025-06-13 04:30:00+00:00,5254.0,5259.0,5236.0,5241.5,16506
2025-06-13 04:45:00+00:00,5251.5,5257.0,5247.5,5252.5,7293
2025-06-13 05:00:00+00:00,5244.5,5253.0,5240.0,5252.0,9458
2025-06-13 05:15:00+00:00,5252.5,5252.5,5235.0,5245.0,17499
2025-06-13 05:30:00+00:00,5242.5,5252.0,5240.5,5250.0,6167
2025-06-13 05:45:00+00:00,5252.0,5252.0,5238.5,5242.5,5243
2025-06-13 06:00:00+00:00,5235.0,5256.5,5235.0,5254.5,13871
2025-06-13 06:15:00+00:00,5273.5,5274.0,5235.0,5235.0,57779
2025-06-13 06:30:00+00:00,5283.0,5293.5,5274.0,5275.0,9111
2025-06-13 06:45:00+00:00,5288.0,5292.0,5281.0,5283.0,6781
2025-06-13 07:00:00+00:00,5288.5,5292.5,5283.0,5288.0,5844
2025-06-13 07:15:00+00:00,5285.5,5294.5,5280.0,5288.5,6242
2025-06-13 07:30:00+00:00,5291.0,5291.0,5280.5,5285.5,3659
2025-06-13 07:45:00+00:00,5285.0,5296.5,5278.5,5291.5,32265
2025-06-13 08:00:00+00:00,5295.5,5298.0,5284.0,5287.0,6286
2025-06-13 08:15:00+00:00,5301.0,5305.5,5295.0,5297.0,8739
2025-06-13 08:30:00+00:00,5310.5,5319.0,5300.5,5305.5,14474
2025-06-13 08:45:00+00:00,5307.0,5312.0,5303.0,5310.5,5741
2025-06-13 09:00:00+00:00,5303.0,5311.5,5299.0,5306.0,8464
2025-06-13 09:15:00+00:00,5305.5,5308.5,5298.0,5303.0,8345
2025-06-13 09:30:00+00:00,5324.5,5333.5,5303.5,5303.5,49894
2025-06-13 09:45:00+00:00,5319.0,5328.0,5307.0,5324.5,50184
2025-06-16 03:45:00+00:00,5340.5,5363.0,5319.0,5319.0,7969
2025-06-16 04:00:00+00:00,5331.0,5341.5,5324.5,5341.5,8375
2025-06-16 04:15:00+00:00,5330.0,5337.0,5312.0,5332.0,6539
2025-06-16 04:30:00+00:00,5342.0,5349.0,5325.0,5330.5,5345
2025-06-16 04:45:00+00:00,5357.0,5357.5,5341.5,5342.0,5282
2025-06-16 05:00:00+00:00,5349.0,5368.0,5337.0,5357.0,14877
2025-06-16 05:15:00+00:00,5352.0,5359.0,5348.0,5349.5,4943
2025-06-16 05:30:00+00:00,5352.0,5359.0,5348.5,5352.0,17451
2025-06-16 05:45:00+00:00,5350.5,5355.5,5345.0,5352.0,5052
2025-06-16 06:00:00+00:00,5352.0,5353.0,5345.5,5352.5,4716
2025-06-16 06:15:00+00:00,5358.0,5362.5,5349.5,5352.0,54612
2025-06-16 06:30:00+00:00,5375.0,5381.0,5354.5,5358.5,17738
2025-06-16 06:45:00+00:00,5372.0,5374.5,5362.0,5373.0,8141
2025-06-16 07:00:00+00:00,5371.0,5376.5,5367.5,5373.5,4321
2025-06-16 07:15:00+00:00,5366.5,5374.0,5365.5,5373.0,1908
2025-06-16 07:30:00+00:00,5372.0,5373.0,5366.5,5369.0,4402
2025-06-16 07:45:00+00:00,5372.0,5373.0,5366.5,5370.5,6265
2025-06-16 08:00:00+00:00,5371.5,5372.0,5367.0,5372.0,5252
2025-06-16 08:15:00+00:00,5375.5,5377.0,5370.0,5370.0,5073
2025-06-16 08:30:00+00:00,5375.5,5378.0,5375.0,5375.5,3698
2025-06-16 08:45:00+00:00,5371.0,5376.0,5371.0,5375.0,3955
2025-06-16 09:00:00+00:00,5363.5,5373.0,5355.5,5371.5,9743
2025-06-16 09:15:00+00:00,5365.5,5365.5,5356.5,5363.5,9650
2025-06-16 09:30:00+00:00,5365.5,5366.5,5358.0,5363.0,25783
2025-06-16 09:45:00+00:00,5365.0,5369.5,5361.0,5365.5,29048
2025-06-17 03:45:00+00:00,5341.5,5379.5,5340.0,5366.5,127807
2025-06-17 04:00:00+00:00,5334.5,5345.5,5323.5,5344.0,39908
2025-06-17 04:15:00+00:00,5330.5,5339.5,5325.0,5336.0,9536
2025-06-17 04:30:00+00:00,5332.5,5334.0,5325.5,5330.5,9932
2025-06-17 04:45:00+00:00,5333.0,5340.5,5332.5,5332.5,12649
2025-06-17 05:00:00+00:00,5330.5,5334.5,5326.0,5333.0,4686
2025-06-17 05:15:00+00:00,5321.5,5332.0,5318.5,5332.0,25229
2025-06-17 05:30:00+00:00,5316.5,5326.5,5316.0,5323.0,12492
2025-06-17 05:45:00+00:00,5321.5,5322.5,5312.0,5316.0,6336
2025-06-17 06:00:00+00:00,5317.0,5325.5,5315.5,5320.0,8949
2025-06-17 06:15:00+00:00,5318.5,5320.5,5315.0,5317.0,7259
2025-06-17 06:30:00+00:00,5322.5,5327.5,5318.0,5318.5,12312
2025-06-17 06:45:00+00:00,5322.5,5326.0,5320.0,5321.0,4219
2025-06-17 07:00:00+00:00,5321.5,5328.0,5321.0,5322.5,7349
2025-06-17 07:15:00+00:00,5321.0,5321.5,5313.0,5321.0,18133
2025-06-17 07:30:00+00:00,5330.0,5331.5,5320.0,5320.5,33697
2025-06-17 07:45:00+00:00,5326.0,5336.0,5326.0,5329.5,20817
2025-06-17 08:00:00+00:00,5336.5,5339.0,5327.0,5330.0,11825
2025-06-17 08:15:00+00:00,5342.5,5351.0,5336.0,5336.0,79095
2025-06-17 08:30:00+00:00,5340.0,5344.0,5335.5,5342.5,43040
2025-06-17 08:45:00+00:00,5339.5,5346.5,5337.5,5340.0,27817
2025-06-17 09:00:00+00:00,5331.5,5345.0,5325.0,5338.5,20967
2025-06-17 09:15:00+00:00,5339.5,5341.0,5332.0,5333.0,36279
2025-06-17 09:30:00+00:00,5344.5,5344.5,5338.0,5339.0,71574
2025-06-17 09:45:00+00:00,5341.0,5344.5,5336.0,5344.0,40833
2025-06-18 03:45:00+00:00,5412.5,5416.5,5309.0,5321.5,40044
2025-06-18 04:00:00+00:00,5440.0,5452.0,5404.0,5412.5,60987
2025-06-18 04:15:00+00:00,5455.0,5463.0,5440.0,5440.0,57180
2025-06-18 04:30:00+00:00,5452.0,5461.5,5445.5,5458.5,30493
2025-06-18 04:45:00+00:00,5422.5,5455.5,5418.5,5450.0,104983
2025-06-18 05:00:00+00:00,5393.0,5430.0,5391.5,5424.5,54541
2025-06-18 05:15:00+00:00,5397.0,5401.5,5381.0,5393.0,80334
2025-06-18 05:30:00+00:00,5411.0,5413.0,5394.5,5397.5,69602
2025-06-18 05:45:00+00:00,5409.5,5422.0,5401.5,5411.5,37663
2025-06-18 06:00:00+00:00,5414.5,5415.5,5392.5,5410.0,12594
2025-06-18 06:15:00+00:00,5411.5,5415.0,5404.0,5414.5,24815
2025-06-18 06:30:00+00:00,5420.0,5427.5,5411.0,5411.5,22088
2025-06-18 06:45:00+00:00,5408.5,5424.0,5403.0,5422.0,17485
2025-06-18 07:00:00+00:00,5406.0,5414.0,5406.0,5409.0,8541
2025-06-18 07:15:00+00:00,5398.5,5406.5,5391.5,5406.5,9132
2025-06-18 07:30:00+00:00,5407.0,5409.0,5398.0,5398.5,7583
2025-06-18 07:45:00+00:00,5400.5,5407.0,5396.0,5407.0,6756
2025-06-18 08:00:00+00:00,5400.0,5406.5,5399.0,5400.5,5740
2025-06-18 08:15:00+00:00,5400.5,5404.0,5397.5,5402.5,10858
2025-06-18 08:30:00+00:00,5397.5,5407.5,5395.5,5399.0,5853
2025-06-18 08:45:00+00:00,5401.5,5405.5,5396.0,5400.0,6965
2025-06-18 09:00:00+00:00,5408.5,5410.0,5400.5,5403.0,6742
2025-06-18 09:15:00+00:00,5400.5,5412.0,5400.5,5407.0,7401
2025-06-18 09:30:00+00:00,5398.5,5402.5,5393.5,5396.5,36671
2025-06-18 09:45:00+00:00,5393.0,5399.0,5377.0,5399.0,35277
2025-06-19 03:45:00+00:00,5437.0,5451.5,5405.5,5405.5,51174
2025-06-19 04:00:00+00:00,5460.0,5464.0,5436.5,5436.5,32164
2025-06-19 04:15:00+00:00,5458.0,5465.0,5452.0,5460.0,25509
2025-06-19 04:30:00+00:00,5464.0,5468.0,5449.5,5458.5,24813
2025-06-19 04:45:00+00:00,5463.5,5472.5,5460.0,5463.0,35623
2025-06-19 05:00:00+00:00,5455.0,5465.0,5446.5,5463.5,29229
2025-06-19 05:15:00+00:00,5452.0,5461.5,5447.5,5453.0,22934
2025-06-19 05:30:00+00:00,5454.0,5460.5,5451.0,5453.0,32314
2025-06-19 05:45:00+00:00,5456.5,5463.0,5450.5,5452.5,24465
2025-06-19 06:00:00+00:00,5485.5,5490.0,5457.0,5458.5,85936
2025-06-19 06:15:00+00:00,5479.5,5496.5,5478.5,5485.5,58762
2025-06-19 06:30:00+00:00,5490.5,5498.0,5479.0,5479.5,29885
2025-06-19 06:45:00+00:00,5487.5,5494.5,5485.0,5490.5,15879
2025-06-19 07:00:00+00:00,5488.0,5493.0,5480.5,5486.5,24087
2025-06-19 07:15:00+00:00,5481.5,5488.5,5480.0,5488.0,16080
2025-06-19 07:30:00+00:00,5479.0,5486.0,5472.5,5481.0,27973
2025-06-19 07:45:00+00:00,5483.5,5485.0,5474.5,5478.5,22830
2025-06-19 08:00:00+00:00,5485.0,5492.0,5481.0,5483.0,23301
2025-06-19 08:15:00+00:00,5499.5,5506.0,5482.0,5485.0,44983
2025-06-19 08:30:00+00:00,5501.0,5503.0,5491.5,5499.5,60008
2025-06-19 08:45:00+00:00,5488.0,5501.5,5488.0,5499.0,46921
2025-06-19 09:00:00+00:00,5491.0,5496.0,5483.0,5489.0,27731
2025-06-19 09:15:00+00:00,5493.0,5494.0,5488.5,5489.5,19492
2025-06-19 09:30:00+00:00,5495.0,5499.0,5487.5,5493.0,64732
2025-06-19 09:45:00+00:00,5485.0,5500.0,5481.5,5495.5,76234
2025-06-20 03:45:00+00:00,5513.0,5540.5,5498.0,5511.5,92801
2025-06-20 04:00:00+00:00,5508.0,5515.0,5500.0,5512.5,22566
2025-06-20 04:15:00+00:00,5510.0,5524.5,5508.0,5509.5,25020
2025-06-20 04:30:00+00:00,5521.0,5523.0,5510.5,5515.0,12614
2025-06-20 04:45:00+00:00,5517.5,5526.5,5514.5,5520.5,13515
2025-06-20 05:00:00+00:00,5520.0,5522.0,5515.0,5518.0,13752
2025-06-20 05:15:00+00:00,5522.0,5526.0,5515.5,5519.0,17799
2025-06-20 05:30:00+00:00,5516.0,5522.0,5514.5,5521.5,8728
2025-06-20 05:45:00+00:00,5508.0,5516.5,5507.0,5516.0,12028
2025-06-20 06:00:00+00:00,5516.0,5518.5,5506.0,5508.0,10550
2025-06-20 06:15:00+00:00,5511.0,5518.5,5510.0,5516.0,6954
2025-06-20 06:30:00+00:00,5512.0,5518.5,5510.5,5511.0,26857
2025-06-20 06:45:00+00:00,5507.5,5516.0,5500.0,5511.0,16843
2025-06-20 07:00:00+00:00,5504.5,5507.5,5495.0,5507.5,10508
2025-06-20 07:15:00+00:00,5505.5,5513.0,5502.5,5504.5,7565
2025-06-20 07:30:00+00:00,5510.0,5513.5,5502.0,5505.0,6240
2025-06-20 07:45:00+00:00,5512.5,5515.5,5504.0,5510.5,28601
2025-06-20 08:00:00+00:00,5507.5,5513.0,5502.5,5512.5,12605
2025-06-20 08:15:00+00:00,5501.5,5511.5,5501.0,5506.0,11946
2025-06-20 08:30:00+00:00,5501.5,5505.0,5499.5,5501.0,6416
2025-06-20 08:45:00+00:00,5501.5,5511.0,5501.0,5501.5,32440
2025-06-20 09:00:00+00:00,5511.0,5511.5,5496.5,5503.5,26128
2025-06-20 09:15:00+00:00,5514.0,5518.5,5508.0,5511.0,30822
2025-06-20 09:30:00+00:00,5526.5,5527.0,5510.5,5515.0,173799
2025-06-20 09:45:00+00:00,5525.0,5534.5,5505.0,5526.5,113708
2025-06-23 03:45:00+00:00,5502.0,5522.5,5491.0,5499.5,11829
2025-06-23 04:00:00+00:00,5485.0,5509.5,5481.0,5502.0,12030
2025-06-23 04:15:00+00:00,5485.0,5494.0,5480.5,5485.0,7319
2025-06-23 04:30:00+00:00,5488.0,5495.0,5483.0,5485.5,6431
2025-06-23 04:45:00+00:00,5502.5,5505.0,5483.5,5486.0,7179
2025-06-23 05:00:00+00:00,5510.5,5523.0,5502.5,5502.5,39577
2025-06-23 05:15:00+00:00,5512.0,5520.0,5510.0,5511.5,4780
2025-06-23 05:30:00+00:00,5514.5,5517.0,5501.0,5512.0,8545
2025-06-23 05:45:00+00:00,5515.0,5518.5,5510.0,5515.0,2921
2025-06-23 06:00:00+00:00,5522.0,5525.0,5514.0,5517.5,4630
2025-06-23 06:15:00+00:00,5522.0,5522.0,5516.5,5520.0,5569
2025-06-23 06:30:00+00:00,5524.5,5533.0,5514.0,5520.0,8526
2025-06-23 06:45:00+00:00,5525.0,5536.5,5519.5,5525.0,5201
2025-06-23 07:00:00+00:00,5527.0,5530.0,5521.5,5522.5,4713
2025-06-23 07:15:00+00:00,5525.0,5529.5,5520.5,5527.0,5910
2025-06-23 07:30:00+00:00,5527.0,5529.0,5523.0,5528.0,3891
2025-06-23 07:45:00+00:00,5537.0,5540.5,5523.5,5527.5,8147
2025-06-23 08:00:00+00:00,5541.0,5549.0,5540.5,5543.5,8194
2025-06-23 08:15:00+00:00,5542.5,5545.0,5536.5,5541.0,4010
2025-06-23 08:30:00+00:00,5547.5,5550.0,5540.0,5540.5,8388
2025-06-23 08:45:00+00:00,5557.0,5558.5,5545.0,5547.5,10130
2025-06-23 09:00:00+00:00,5554.0,5560.0,5551.5,5556.0,7869
2025-06-23 09:15:00+00:00,5555.5,5557.5,5551.0,5554.0,6242
2025-06-23 09:30:00+00:00,5557.0,5560.0,5551.5,5556.0,21291
2025-06-23 09:45:00+00:00,5540.0,5558.5,5540.0,5558.0,23106
2025-06-24 03:45:00+00:00,5605.0,5605.0,5561.5,5561.5,53080
2025-06-24 04:00:00+00:00,5601.0,5607.0,5590.0,5604.5,25122
2025-06-24 04:15:00+00:00,5612.0,5612.0,5595.0,5599.0,19102
2025-06-24 04:30:00+00:00,5609.0,5612.0,5602.5,5611.0,12760
2025-06-24 04:45:00+00:00,5601.0,5615.0,5596.5,5609.5,15271
2025-06-24 05:00:00+00:00,5612.5,5614.0,5601.0,5602.5,12558
2025-06-24 05:15:00+00:00,5618.5,5620.0,5601.5,5613.5,25843
2025-06-24 05:30:00+00:00,5624.0,5635.0,5616.5,5616.5,25395
2025-06-24 05:45:00+00:00,5619.0,5627.0,5612.0,5627.0,12483
2025-06-24 06:00:00+00:00,5613.5,5619.0,5609.5,5619.0,13133
2025-06-24 06:15:00+00:00,5625.5,5629.0,5612.5,5613.5,24369
2025-06-24 06:30:00+00:00,5624.0,5627.5,5621.0,5625.0,18638
2025-06-24 06:45:00+00:00,5627.0,5630.0,5621.0,5624.0,11286
2025-06-24 07:00:00+00:00,5633.0,5639.5,5626.0,5627.0,19141
2025-06-24 07:15:00+00:00,5630.0,5639.5,5623.0,5630.0,15252
2025-06-24 07:30:00+00:00,5634.5,5638.0,5625.0,5632.0,15638
2025-06-24 07:45:00+00:00,5625.0,5636.5,5622.0,5635.0,9312
2025-06-24 08:00:00+00:00,5618.0,5627.0,5615.5,5625.0,16448
2025-06-24 08:15:00+00:00,5625.5,5625.5,5607.0,5618.0,13513
2025-06-24 08:30:00+00:00,5618.0,5627.0,5606.0,5624.5,9164
2025-06-24 08:45:00+00:00,5624.5,5629.0,5611.5,5618.0,20314
2025-06-24 09:00:00+00:00,5626.0,5630.0,5622.0,5624.0,7282
2025-06-24 09:15:00+00:00,5622.5,5626.5,5612.0,5620.0,23955
2025-06-24 09:30:00+00:00,5622.5,5626.0,5615.0,5620.0,31380
2025-06-24 09:45:00+00:00,5629.0,5638.0,5621.0,5624.0,119773
2025-06-25 03:45:00+00:00,5611.0,5648.5,5611.0,5628.0,38300
2025-06-25 04:00:00+00:00,5612.0,5615.5,5596.0,5612.0,21954
2025-06-25 04:15:00+00:00,5630.0,5630.0,5612.0,5613.5,16485
2025-06-25 04:30:00+00:00,5609.0,5630.0,5605.5,5629.5,15528
2025-06-25 04:45:00+00:00,5605.5,5619.0,5601.5,5609.0,12501
2025-06-25 05:00:00+00:00,5598.0,5608.5,5588.5,5605.0,17930
2025-06-25 05:15:00+00:00,5588.0,5599.5,5588.0,5599.5,9861
2025-06-25 05:30:00+00:00,5590.5,5604.0,5588.0,5589.5,10105
2025-06-25 05:45:00+00:00,5594.0,5598.5,5588.5,5588.5,12652
2025-06-25 06:00:00+00:00,5597.0,5602.5,5593.5,5594.0,8119
2025-06-25 06:15:00+00:00,5597.5,5605.5,5594.0,5599.5,9607
2025-06-25 06:30:00+00:00,5583.0,5597.5,5578.5,5597.5,16036
2025-06-25 06:45:00+00:00,5585.5,5591.5,5582.5,5583.0,9161
2025-06-25 07:00:00+00:00,5593.5,5597.0,5585.5,5585.5,6996
2025-06-25 07:15:00+00:00,5605.5,5608.0,5591.5,5593.5,9711
2025-06-25 07:30:00+00:00,5603.0,5615.5,5596.5,5607.5,31333
2025-06-25 07:45:00+00:00,5589.0,5603.0,5586.5,5603.0,10304
2025-06-25 08:00:00+00:00,5599.0,5599.0,5589.0,5589.0,5849
2025-06-25 08:15:00+00:00,5589.5,5599.5,5589.5,5599.0,10033
2025-06-25 08:30:00+00:00,5580.0,5588.5,5576.0,5588.5,46424
2025-06-25 08:45:00+00:00,5578.5,5580.0,5573.0,5580.0,14387
2025-06-25 09:00:00+00:00,5575.0,5580.0,5570.0,5579.0,19514
2025-06-25 09:15:00+00:00,5571.0,5578.0,5567.5,5574.5,13987
2025-06-25 09:30:00+00:00,5578.5,5580.0,5571.0,5571.0,36507
2025-06-25 09:45:00+00:00,5576.0,5580.0,5568.0,5578.0,30796
2025-06-26 03:45:00+00:00,5570.5,5595.0,5565.0,5589.5,29316
2025-06-26 04:00:00+00:00,5555.5,5573.0,5548.5,5571.0,16534
2025-06-26 04:15:00+00:00,5565.5,5567.5,5555.5,5555.5,9011
2025-06-26 04:30:00+00:00,5569.0,5574.5,5564.5,5565.5,9433
2025-06-26 04:45:00+00:00,5552.5,5574.5,5551.5,5571.5,11504
2025-06-26 05:00:00+00:00,5539.0,5570.0,5538.0,5552.5,14985
2025-06-26 05:15:00+00:00,5540.5,5547.5,5530.5,5538.5,15302
2025-06-26 05:30:00+00:00,5543.5,5553.5,5540.5,5540.5,13512
2025-06-26 05:45:00+00:00,5527.5,5551.5,5526.5,5543.0,70816
2025-06-26 06:00:00+00:00,5515.0,5535.0,5515.0,5527.5,29015
2025-06-26 06:15:00+00:00,5524.0,5526.0,5515.5,5515.5,9501
2025-06-26 06:30:00+00:00,5537.0,5538.5,5520.5,5530.0,28942
2025-06-26 06:45:00+00:00,5547.5,5567.5,5536.5,5537.0,124524
2025-06-26 07:00:00+00:00,5550.5,5554.5,5541.0,5547.0,44760
2025-06-26 07:15:00+00:00,5547.5,5564.5,5546.0,5551.0,32521
2025-06-26 07:30:00+00:00,5566.5,5579.0,5550.5,5552.5,31714
2025-06-26 07:45:00+00:00,5568.0,5580.0,5566.5,5566.5,25171
2025-06-26 08:00:00+00:00,5579.5,5579.5,5564.5,5569.0,10767
2025-06-26 08:15:00+00:00,5586.5,5595.0,5577.5,5580.0,24256
2025-06-26 08:30:00+00:00,5606.0,5607.5,5586.5,5588.5,22934
2025-06-26 08:45:00+00:00,5618.5,5620.0,5600.5,5606.0,28205
2025-06-26 09:00:00+00:00,5607.5,5611.0,5597.0,5608.5,28263
2025-06-26 09:15:00+00:00,5606.0,5613.0,5599.0,5607.0,40484
2025-06-26 09:30:00+00:00,5608.0,5620.0,5606.0,5608.5,61801
2025-06-26 09:45:00+00:00,5611.5,5614.5,5597.0,5607.5,54881
2025-06-27 03:45:00+00:00,5603.5,5634.0,5597.0,5612.5,5666
2025-06-27 04:00:00+00:00,5610.0,5615.5,5596.5,5601.0,5460
2025-06-27 04:15:00+00:00,5603.0,5613.5,5602.5,5608.5,2699
2025-06-27 04:30:00+00:00,5605.0,5608.0,5602.5,5603.0,1743
2025-06-27 04:45:00+00:00,5604.0,5607.5,5597.0,5605.0,3243
2025-06-27 05:00:00+00:00,5618.5,5619.0,5598.0,5604.0,6990
2025-06-27 05:15:00+00:00,5614.0,5624.5,5613.5,5619.0,5501
2025-06-27 05:30:00+00:00,5624.5,5628.0,5610.0,5612.0,4102
2025-06-27 05:45:00+00:00,5635.5,5644.0,5625.0,5626.0,12813
2025-06-27 06:00:00+00:00,5646.5,5648.0,5635.0,5636.0,10909
2025-06-27 06:15:00+00:00,5652.0,5653.0,5642.5,5648.0,18352
2025-06-27 06:30:00+00:00,5657.0,5663.5,5650.0,5652.0,20010
2025-06-27 06:45:00+00:00,5667.0,5669.5,5656.0,5657.0,19685
2025-06-27 07:00:00+00:00,5675.5,5683.5,5661.5,5668.0,67519
2025-06-27 07:15:00+00:00,5672.5,5678.0,5664.5,5675.5,19418
2025-06-27 07:30:00+00:00,5658.5,5671.5,5654.5,5669.5,12189
2025-06-27 07:45:00+00:00,5658.5,5663.5,5655.0,5660.0,5922
2025-06-27 08:00:00+00:00,5647.0,5661.0,5645.0,5660.5,7108
2025-06-27 08:15:00+00:00,5659.5,5662.5,5647.0,5647.5,6665
2025-06-27 08:30:00+00:00,5668.0,5669.5,5656.5,5660.0,6488
2025-06-27 08:45:00+00:00,5661.5,5668.0,5657.5,5668.0,6547
2025-06-27 09:00:00+00:00,5655.5,5662.5,5652.5,5661.0,5143
2025-06-27 09:15:00+00:00,5653.5,5657.5,5644.5,5654.0,14120
2025-06-27 09:30:00+00:00,5662.0,5671.0,5647.5,5653.0,82968
2025-06-27 09:45:00+00:00,5660.0,5664.5,5628.5,5661.0,37288
2025-06-30 03:45:00+00:00,5673.0,5683.5,5647.5,5666.0,16097
2025-06-30 04:00:00+00:00,5658.5,5674.5,5656.0,5673.0,11344
2025-06-30 04:15:00+00:00,5638.0,5658.0,5631.5,5658.0,10698
2025-06-30 04:30:00+00:00,5641.5,5644.5,5629.5,5636.5,4905
2025-06-30 04:45:00+00:00,5634.0,5642.0,5633.0,5640.0,4466
2025-06-30 05:00:00+00:00,5631.5,5643.5,5631.0,5633.5,4195
2025-06-30 05:15:00+00:00,5632.0,5641.0,5630.0,5631.5,6255
2025-06-30 05:30:00+00:00,5632.5,5641.5,5630.0,5634.5,3826
2025-06-30 05:45:00+00:00,5636.5,5638.5,5621.5,5632.0,5494
2025-06-30 06:00:00+00:00,5621.0,5640.5,5615.5,5638.5,4872
2025-06-30 06:15:00+00:00,5635.0,5645.0,5613.0,5620.5,6909
2025-06-30 06:30:00+00:00,5638.5,5640.0,5632.5,5637.0,5182
2025-06-30 06:45:00+00:00,5634.5,5639.5,5632.5,5638.0,4020
2025-06-30 07:00:00+00:00,5624.5,5635.0,5621.0,5632.5,6113
2025-06-30 07:15:00+00:00,5634.0,5640.0,5622.0,5625.0,4516
2025-06-30 07:30:00+00:00,5634.5,5637.5,5629.0,5634.0,5196
2025-06-30 07:45:00+00:00,5634.0,5635.0,5628.5,5633.5,2610
2025-06-30 08:00:00+00:00,5624.5,5635.5,5620.0,5634.0,3705
2025-06-30 08:15:00+00:00,5624.5,5628.5,5617.5,5623.0,4167
2025-06-30 08:30:00+00:00,5626.0,5638.0,5617.5,5624.5,11350
2025-06-30 08:45:00+00:00,5645.0,5647.0,5623.5,5626.0,15959
2025-06-30 09:00:00+00:00,5640.0,5645.0,5633.5,5645.0,12722
2025-06-30 09:15:00+00:00,5644.5,5650.0,5637.5,5639.5,42295
2025-06-30 09:30:00+00:00,5656.0,5656.0,5643.5,5645.0,64001
2025-06-30 09:45:00+00:00,5656.5,5675.0,5635.0,5655.5,49142
2025-07-01 03:45:00+00:00,5659.5,5667.5,5634.0,5645.5,18236
2025-07-01 04:00:00+00:00,5645.5,5663.0,5645.5,5661.5,6947
2025-07-01 04:15:00+00:00,5655.0,5656.5,5643.5,5645.5,5142
2025-07-01 04:30:00+00:00,5660.0,5685.0,5654.5,5657.0,27286
2025-07-01 04:45:00+00:00,5665.5,5670.5,5655.5,5660.0,14642
2025-07-01 05:00:00+00:00,5663.5,5675.5,5663.5,5666.5,8477
2025-07-01 05:15:00+00:00,5646.0,5663.5,5645.0,5663.5,13088
2025-07-01 05:30:00+00:00,5646.0,5652.5,5645.0,5646.5,3882
2025-07-01 05:45:00+00:00,5643.0,5651.5,5641.0,5645.0,4104
2025-07-01 06:00:00+00:00,5725.0,5747.5,5642.0,5642.5,126704
2025-07-01 06:15:00+00:00,5712.0,5745.0,5711.0,5721.5,29287
2025-07-01 06:30:00+00:00,5717.0,5718.5,5702.0,5711.5,16218
2025-07-01 06:45:00+00:00,5708.5,5717.5,5707.0,5717.0,10396
2025-07-01 07:00:00+00:00,5680.5,5708.5,5680.5,5707.5,29068
2025-07-01 07:15:00+00:00,5682.5,5686.0,5658.0,5680.5,22768
2025-07-01 07:30:00+00:00,5680.0,5689.0,5673.5,5682.5,13139
2025-07-01 07:45:00+00:00,5687.0,5687.0,5667.0,5680.0,18493
2025-07-01 08:00:00+00:00,5700.5,5700.5,5685.0,5687.0,12029
2025-07-01 08:15:00+00:00,5680.0,5704.0,5671.5,5701.0,16682
2025-07-01 08:30:00+00:00,5700.0,5703.5,5676.5,5680.0,20110
2025-07-01 08:45:00+00:00,5710.0,5714.5,5697.0,5700.0,14247
2025-07-01 09:00:00+00:00,5705.5,5720.0,5702.0,5711.0,17325
2025-07-01 09:15:00+00:00,5702.5,5712.0,5701.0,5706.5,21078
2025-07-01 09:30:00+00:00,5713.5,5720.0,5703.0,5703.0,31980
2025-07-01 09:45:00+00:00,5715.0,5725.0,5703.5,5713.0,32526
2025-07-02 03:45:00+00:00,5733.0,5738.0,5708.0,5711.0,31554
2025-07-02 04:00:00+00:00,5732.0,5745.0,5725.5,5733.0,15529
2025-07-02 04:15:00+00:00,5728.5,5740.0,5726.0,5731.0,10873
2025-07-02 04:30:00+00:00,5721.5,5733.0,5716.0,5728.0,16441
2025-07-02 04:45:00+00:00,5724.5,5730.5,5718.0,5721.5,9137
2025-07-02 05:00:00+00:00,5726.5,5729.0,5717.0,5724.0,34735
2025-07-02 05:15:00+00:00,5732.0,5736.5,5728.0,5728.0,9160
2025-07-02 05:30:00+00:00,5733.5,5740.0,5729.5,5732.5,6222
2025-07-02 05:45:00+00:00,5722.0,5735.0,5720.0,5734.0,7272
2025-07-02 06:00:00+00:00,5733.5,5733.5,5720.0,5721.0,9820
2025-07-02 06:15:00+00:00,5730.0,5745.0,5726.5,5733.5,9424
2025-07-02 06:30:00+00:00,5737.0,5737.5,5727.5,5732.0,3630
2025-07-02 06:45:00+00:00,5739.0,5739.5,5735.0,5737.0,3618
2025-07-02 07:00:00+00:00,5742.5,5744.0,5737.0,5737.5,4420
2025-07-02 07:15:00+00:00,5739.0,5744.0,5736.5,5743.0,7470
2025-07-02 07:30:00+00:00,5735.0,5741.0,5735.0,5739.5,11346
2025-07-02 07:45:00+00:00,5725.0,5737.0,5722.5,5735.0,7405
2025-07-02 08:00:00+00:00,5720.5,5725.0,5716.5,5725.0,7196
2025-07-02 08:15:00+00:00,5720.0,5721.0,5716.5,5720.5,6066
2025-07-02 08:30:00+00:00,5725.5,5725.5,5719.0,5720.0,8969
2025-07-02 08:45:00+00:00,5717.0,5727.5,5715.0,5724.5,10827
2025-07-02 09:00:00+00:00,5720.0,5722.0,5716.0,5717.0,10330
2025-07-02 09:15:00+00:00,5719.5,5720.0,5715.0,5720.0,10635
2025-07-02 09:30:00+00:00,5726.5,5731.0,5719.5,5719.5,25354
2025-07-02 09:45:00+00:00,5722.5,5727.0,5716.0,5727.0,16750
2025-07-03 03:45:00+00:00,5733.5,5761.0,5707.5,5710.5,30412
2025-07-03 04:00:00+00:00,5767.0,5769.0,5730.0,5733.5,15519
2025-07-03 04:15:00+00:00,5758.0,5774.5,5754.5,5770.5,11901
2025-07-03 04:30:00+00:00,5750.0,5764.0,5741.5,5763.5,15770
2025-07-03 04:45:00+00:00,5740.5,5753.0,5736.0,5750.0,11456
2025-07-03 05:00:00+00:00,5747.5,5755.0,5740.5,5740.5,9157
2025-07-03 05:15:00+00:00,5745.0,5753.0,5741.5,5749.0,8844
2025-07-03 05:30:00+00:00,5755.0,5755.0,5745.0,5745.0,5454
2025-07-03 05:45:00+00:00,5746.0,5755.0,5746.0,5754.0,8592
2025-07-03 06:00:00+00:00,5737.5,5752.0,5735.0,5746.5,15268
2025-07-03 06:15:00+00:00,5743.0,5747.0,5735.0,5737.5,8489
2025-07-03 06:30:00+00:00,5737.0,5743.0,5736.0,5743.0,6626
2025-07-03 06:45:00+00:00,5740.5,5740.5,5735.0,5737.0,20079
2025-07-03 07:00:00+00:00,5737.0,5747.0,5736.0,5740.5,13568
2025-07-03 07:15:00+00:00,5730.5,5740.5,5730.5,5737.0,13114
2025-07-03 07:30:00+00:00,5726.5,5731.0,5724.0,5731.0,10129
2025-07-03 07:45:00+00:00,5730.0,5730.5,5720.5,5727.0,7534
2025-07-03 08:00:00+00:00,5745.0,5750.0,5727.0,5730.0,15842
2025-07-03 08:15:00+00:00,5730.0,5745.0,5726.0,5744.5,13771
2025-07-03 08:30:00+00:00,5720.0,5735.0,5720.0,5730.5,6578
2025-07-03 08:45:00+00:00,5717.0,5722.5,5707.5,5720.5,19116
2025-07-03 09:00:00+00:00,5720.0,5723.0,5710.0,5717.5,7452
2025-07-03 09:15:00+00:00,5715.0,5722.5,5710.5,5720.0,10788
2025-07-03 09:30:00+00:00,5720.5,5722.0,5715.0,5715.5,22843
2025-07-03 09:45:00+00:00,5716.0,5724.5,5700.0,5720.0,27202
2025-07-04 03:45:00+00:00,5698.5,5711.5,5681.5,5711.5,6502
2025-07-04 04:00:00+00:00,5698.0,5702.5,5690.0,5702.5,2295
2025-07-04 04:15:00+00:00,5699.0,5705.0,5695.0,5696.5,2874
2025-07-04 04:30:00+00:00,5700.0,5703.0,5691.5,5700.0,3831
2025-07-04 04:45:00+00:00,5700.5,5706.0,5697.5,5699.0,1949
2025-07-04 05:00:00+00:00,5692.5,5708.0,5692.0,5700.0,3211
2025-07-04 05:15:00+00:00,5665.0,5700.0,5654.5,5692.0,20427
2025-07-04 05:30:00+00:00,5651.5,5669.5,5651.5,5667.0,3680
2025-07-04 05:45:00+00:00,5653.5,5657.5,5650.0,5652.0,2994
2025-07-04 06:00:00+00:00,5643.0,5654.0,5635.5,5653.5,7657
2025-07-04 06:15:00+00:00,5630.0,5643.5,5625.0,5642.0,7287
2025-07-04 06:30:00+00:00,5638.5,5639.0,5625.5,5628.5,12140
2025-07-04 06:45:00+00:00,5629.5,5635.5,5628.0,5635.5,2898
2025-07-04 07:00:00+00:00,5623.0,5632.0,5623.0,5631.5,4511
2025-07-04 07:15:00+00:00,5627.5,5630.5,5622.0,5624.5,7244
2025-07-04 07:30:00+00:00,5639.5,5644.0,5625.5,5629.0,18451
2025-07-04 07:45:00+00:00,5634.5,5641.0,5634.0,5640.0,4156
2025-07-04 08:00:00+00:00,5640.0,5640.0,5633.0,5635.0,2635
2025-07-04 08:15:00+00:00,5641.0,5643.5,5633.0,5640.0,5369
2025-07-04 08:30:00+00:00,5628.0,5641.0,5628.0,5641.0,3721
2025-07-04 08:45:00+00:00,5636.0,5639.5,5621.0,5625.5,5365
2025-07-04 09:00:00+00:00,5640.0,5643.0,5630.0,5634.0,9310
2025-07-04 09:15:00+00:00,5633.0,5642.0,5632.0,5639.5,3043
2025-07-04 09:30:00+00:00,5634.0,5638.0,5630.0,5634.0,13752
2025-07-04 09:45:00+00:00,5628.0,5634.0,5622.0,5634.0,25510
